timestamps,open,high,low,close,volume,amount
2025-07-29 09:35:00,22.31,22.32,22.23,22.26,861100,19178168.0
2025-07-29 09:40:00,22.27,22.29,22.23,22.26,636300,14165043.0
2025-07-29 09:45:00,22.25,22.29,22.23,22.23,416200,9262106.0
2025-07-29 09:50:00,22.23,22.25,22.19,22.19,776300,17250896.0
2025-07-29 09:55:00,22.19,22.22,22.19,22.19,445500,9890286.0
2025-07-29 10:00:00,22.19,22.2,22.14,22.14,965400,21395837.0
2025-07-29 10:05:00,22.13,22.13,22.08,22.13,1204900,26636238.0
2025-07-29 10:10:00,22.13,22.15,22.11,22.15,336400,7442412.0
2025-07-29 10:15:00,22.14,22.2,22.14,22.2,340400,7545075.0
2025-07-29 10:20:00,22.2,22.2,22.16,22.19,334800,7426945.0
2025-07-29 10:25:00,22.19,22.19,22.15,22.16,337400,7480963.0
2025-07-29 10:30:00,22.2,22.2,22.16,22.18,271900,6029366.0
2025-07-29 10:35:00,22.17,22.22,22.16,22.18,451500,10015806.0
2025-07-29 10:40:00,22.19,22.19,22.15,22.16,408200,9050057.0
2025-07-29 10:45:00,22.16,22.21,22.15,22.18,221600,4914297.0
2025-07-29 10:50:00,22.19,22.21,22.16,22.17,393700,8732852.0
2025-07-29 10:55:00,22.2,22.23,22.18,22.22,189000,4197527.0
2025-07-29 11:00:00,22.22,22.24,22.21,22.22,202600,4503321.0
2025-07-29 11:05:00,22.24,22.25,22.21,22.23,299000,6646746.0
2025-07-29 11:10:00,22.23,22.24,22.19,22.2,195900,4351181.0
2025-07-29 11:15:00,22.21,22.25,22.2,22.22,196500,4368187.0
2025-07-29 11:20:00,22.23,22.24,22.21,22.23,136400,3032048.0
2025-07-29 11:25:00,22.23,22.23,22.2,22.2,145400,3230030.0
2025-07-29 11:30:00,22.2,22.22,22.18,22.19,188000,4173987.0
2025-07-29 13:05:00,22.19,22.21,22.17,22.17,422300,9369237.0
2025-07-29 13:10:00,22.18,22.18,22.14,22.15,368000,8154497.0
2025-07-29 13:15:00,22.14,22.16,22.12,22.14,206000,4560774.0
2025-07-29 13:20:00,22.14,22.15,22.1,22.12,916300,20259311.0
2025-07-29 13:25:00,22.11,22.15,22.11,22.14,196900,4355900.0
2025-07-29 13:30:00,22.14,22.16,22.14,22.15,164100,3635001.0
2025-07-29 13:35:00,22.15,22.17,22.15,22.16,238600,5287146.0
2025-07-29 13:40:00,22.15,22.17,22.13,22.13,494400,10949763.0
2025-07-29 13:45:00,22.13,22.14,22.11,22.12,280200,6200084.0
2025-07-29 13:50:00,22.12,22.17,22.12,22.17,263000,5822080.0
2025-07-29 13:55:00,22.17,22.18,22.15,22.16,147200,3262966.0
2025-07-29 14:00:00,22.17,22.17,22.15,22.15,190200,4215645.0
2025-07-29 14:05:00,22.15,22.16,22.13,22.14,586400,12979790.0
2025-07-29 14:10:00,22.15,22.16,22.12,22.13,605200,13397200.0
2025-07-29 14:15:00,22.13,22.16,22.13,22.16,370000,8191250.0
2025-07-29 14:20:00,22.16,22.18,22.16,22.16,227200,5034929.0
2025-07-29 14:25:00,22.15,22.2,22.15,22.19,206600,4581034.0
2025-07-29 14:30:00,22.2,22.22,22.18,22.21,280800,6233561.0
2025-07-29 14:35:00,22.21,22.21,22.18,22.19,280600,6227854.0
2025-07-29 14:40:00,22.19,22.19,22.17,22.17,368700,8176908.0
2025-07-29 14:45:00,22.17,22.17,22.13,22.13,765200,16943015.0
2025-07-29 14:50:00,22.14,22.19,22.14,22.18,766300,16973026.0
2025-07-29 14:55:00,22.19,22.19,22.15,22.16,405600,8991165.0
2025-07-29 15:00:00,22.16,22.18,22.15,22.17,546100,12104958.0
2025-07-30 09:35:00,22.23,22.35,22.16,22.33,1620500,36054406.0
2025-07-30 09:40:00,22.34,22.49,22.32,22.47,2202400,49368243.0
2025-07-30 09:45:00,22.46,22.54,22.41,22.51,1693800,38075445.0
2025-07-30 09:50:00,22.51,22.61,22.51,22.61,2436000,55006460.0
2025-07-30 09:55:00,22.61,22.61,22.49,22.53,737000,16606836.0
2025-07-30 10:00:00,22.54,22.6,22.53,22.59,1216400,27451480.0
2025-07-30 10:05:00,22.6,22.68,22.57,22.64,1587800,35930933.0
2025-07-30 10:10:00,22.64,22.67,22.58,22.6,537200,12155590.0
2025-07-30 10:15:00,22.59,22.62,22.53,22.55,893100,20174802.0
2025-07-30 10:20:00,22.54,22.64,22.53,22.64,938500,21202918.0
2025-07-30 10:25:00,22.64,22.68,22.6,22.66,1481500,33556751.0
2025-07-30 10:30:00,22.66,22.7,22.65,22.69,1297800,29428903.0
2025-07-30 10:35:00,22.69,22.72,22.65,22.67,607300,13782532.0
2025-07-30 10:40:00,22.67,22.67,22.63,22.66,431000,9764914.0
2025-07-30 10:45:00,22.65,22.68,22.63,22.68,388700,8807391.0
2025-07-30 10:50:00,22.69,22.71,22.67,22.69,746900,16948854.0
2025-07-30 10:55:00,22.69,22.69,22.66,22.68,274700,6230295.0
2025-07-30 11:00:00,22.68,22.69,22.62,22.63,292600,6628348.0
2025-07-30 11:05:00,22.63,22.65,22.62,22.65,216000,4889445.0
2025-07-30 11:10:00,22.64,22.69,22.62,22.67,415000,9402610.0
2025-07-30 11:15:00,22.67,22.69,22.66,22.69,372700,8453875.0
2025-07-30 11:20:00,22.69,22.75,22.68,22.68,1024100,23262487.0
2025-07-30 11:25:00,22.68,22.7,22.63,22.63,298100,6757308.0
2025-07-30 11:30:00,22.63,22.66,22.63,22.66,175400,3972038.0
2025-07-30 13:05:00,22.66,22.88,22.66,22.85,2680700,61107529.0
2025-07-30 13:10:00,22.84,22.94,22.84,22.87,1838000,42075975.0
2025-07-30 13:15:00,22.87,22.94,22.82,22.82,1079100,24695101.0
2025-07-30 13:20:00,22.82,23.18,22.82,23.15,5361300,123385178.0
2025-07-30 13:25:00,23.13,23.23,23.07,23.1,4009500,92864370.0
2025-07-30 13:30:00,23.1,23.15,22.98,22.98,1825800,42164697.0
2025-07-30 13:35:00,23.0,23.07,22.98,22.99,903400,20802363.0
2025-07-30 13:40:00,23.0,23.02,22.89,22.89,984600,22590876.0
2025-07-30 13:45:00,22.9,22.92,22.86,22.86,1124500,25748737.0
2025-07-30 13:50:00,22.85,22.87,22.8,22.8,1027600,23462526.0
2025-07-30 13:55:00,22.8,22.82,22.75,22.76,1083500,24693419.0
2025-07-30 14:00:00,22.76,22.79,22.71,22.74,1234800,28085022.0
2025-07-30 14:05:00,22.75,22.75,22.63,22.64,1387300,31470430.0
2025-07-30 14:10:00,22.65,22.75,22.64,22.73,834400,18937207.0
2025-07-30 14:15:00,22.73,22.75,22.67,22.72,787300,17874445.0
2025-07-30 14:20:00,22.71,22.84,22.71,22.83,919100,20954392.0
2025-07-30 14:25:00,22.84,22.88,22.81,22.84,1118300,25562816.0
2025-07-30 14:30:00,22.87,22.88,22.83,22.84,492000,11247531.0
2025-07-30 14:35:00,22.84,22.86,22.82,22.85,607100,13867662.0
2025-07-30 14:40:00,22.85,22.86,22.8,22.83,545200,12443671.0
2025-07-30 14:45:00,22.82,22.83,22.78,22.79,503600,11483489.0
2025-07-30 14:50:00,22.79,22.8,22.77,22.79,565700,12892375.0
2025-07-30 14:55:00,22.8,22.8,22.78,22.8,582200,13268712.0
2025-07-30 15:00:00,22.8,22.82,22.79,22.8,737000,16804961.0
2025-07-31 09:35:00,22.81,22.85,22.65,22.69,2149100,48862391.0
2025-07-31 09:40:00,22.69,22.93,22.67,22.84,1971700,44949610.0
2025-07-31 09:45:00,22.83,22.84,22.72,22.77,1303500,29684353.0
2025-07-31 09:50:00,22.78,22.78,22.67,22.67,1094000,24853784.0
2025-07-31 09:55:00,22.68,22.77,22.67,22.71,630400,14317083.0
2025-07-31 10:00:00,22.71,22.71,22.63,22.63,1237100,28028950.0
2025-07-31 10:05:00,22.63,22.66,22.58,22.62,1183400,26758779.0
2025-07-31 10:10:00,22.62,22.67,22.61,22.62,847900,19182124.0
2025-07-31 10:15:00,22.62,22.69,22.61,22.67,701200,15881996.0
2025-07-31 10:20:00,22.67,22.7,22.65,22.68,577400,13094258.0
2025-07-31 10:25:00,22.68,22.7,22.64,22.65,450700,10217004.0
2025-07-31 10:30:00,22.65,22.66,22.6,22.61,963200,21782464.0
2025-07-31 10:35:00,22.61,22.63,22.6,22.61,628100,14202227.0
2025-07-31 10:40:00,22.61,22.68,22.61,22.64,1398500,31665046.0
2025-07-31 10:45:00,22.64,22.65,22.6,22.65,855300,19347347.0
2025-07-31 10:50:00,22.64,22.67,22.61,22.65,708500,16040381.0
2025-07-31 10:55:00,22.65,22.76,22.65,22.74,678800,15405350.0
2025-07-31 11:00:00,22.74,22.79,22.73,22.79,413700,9412145.0
2025-07-31 11:05:00,22.78,22.78,22.73,22.76,314300,7153420.0
2025-07-31 11:10:00,22.76,22.78,22.74,22.78,342100,7786587.0
2025-07-31 11:15:00,22.78,22.84,22.78,22.83,728000,16606304.0
2025-07-31 11:20:00,22.82,22.84,22.79,22.81,736100,16796860.0
2025-07-31 11:25:00,22.81,22.81,22.75,22.75,580200,13198606.0
2025-07-31 11:30:00,22.76,22.76,22.72,22.72,565000,12843586.0
2025-07-31 13:05:00,22.75,22.75,22.65,22.65,436700,9911221.0
2025-07-31 13:10:00,22.65,22.67,22.61,22.63,409000,9254537.0
2025-07-31 13:15:00,22.63,22.63,22.61,22.61,337200,7627820.0
2025-07-31 13:20:00,22.61,22.62,22.59,22.6,580700,13125500.0
2025-07-31 13:25:00,22.6,22.6,22.55,22.57,840400,18974951.0
2025-07-31 13:30:00,22.58,22.58,22.51,22.54,726400,16375209.0
2025-07-31 13:35:00,22.54,22.54,22.48,22.48,1519800,34199772.0
2025-07-31 13:40:00,22.49,22.49,22.45,22.46,618800,13906889.0
2025-07-31 13:45:00,22.46,22.5,22.43,22.49,450700,10122543.0
2025-07-31 13:50:00,22.49,22.51,22.46,22.51,345400,7768458.0
2025-07-31 13:55:00,22.51,22.52,22.47,22.48,400900,9020834.0
2025-07-31 14:00:00,22.47,22.54,22.47,22.52,289100,6509934.0
2025-07-31 14:05:00,22.52,22.53,22.47,22.52,314700,7080072.0
2025-07-31 14:10:00,22.52,22.52,22.44,22.44,366600,8236157.0
2025-07-31 14:15:00,22.45,22.49,22.44,22.46,265300,5956885.0
2025-07-31 14:20:00,22.45,22.45,22.41,22.42,524300,11758521.0
2025-07-31 14:25:00,22.42,22.44,22.38,22.38,1084600,24299571.0
2025-07-31 14:30:00,22.38,22.42,22.37,22.39,551800,12356789.0
2025-07-31 14:35:00,22.39,22.4,22.34,22.35,567700,12695172.0
2025-07-31 14:40:00,22.35,22.41,22.35,22.39,596700,13355990.0
2025-07-31 14:45:00,22.38,22.39,22.36,22.37,561300,12554969.0
2025-07-31 14:50:00,22.37,22.39,22.33,22.39,1279800,28615408.0
2025-07-31 14:55:00,22.38,22.44,22.37,22.41,662700,14848507.0
2025-07-31 15:00:00,22.41,22.41,22.39,22.4,832200,18642897.0
2025-08-01 09:35:00,22.4,22.49,22.36,22.49,1552600,34808466.0
2025-08-01 09:40:00,22.49,22.82,22.48,22.75,2811600,63826351.0
2025-08-01 09:45:00,22.74,22.76,22.6,22.6,1359800,30876828.0
2025-08-01 09:50:00,22.65,22.86,22.63,22.85,2052800,46748038.0
2025-08-01 09:55:00,22.85,22.85,22.77,22.83,1206100,27518614.0
2025-08-01 10:00:00,22.83,22.84,22.67,22.73,930300,21152398.0
2025-08-01 10:05:00,22.71,22.74,22.65,22.66,653700,14837925.0
2025-08-01 10:10:00,22.66,22.7,22.63,22.68,760800,17243428.0
2025-08-01 10:15:00,22.69,22.7,22.66,22.67,418300,9489359.0
2025-08-01 10:20:00,22.68,22.69,22.64,22.65,891300,20206264.0
2025-08-01 10:25:00,22.65,22.66,22.56,22.59,560900,12679498.0
2025-08-01 10:30:00,22.59,22.63,22.57,22.58,353600,7988171.0
2025-08-01 10:35:00,22.59,22.59,22.54,22.56,519700,11723702.0
2025-08-01 10:40:00,22.56,22.57,22.52,22.56,570500,12867905.0
2025-08-01 10:45:00,22.55,22.56,22.52,22.54,233500,5261815.0
2025-08-01 10:50:00,22.54,22.54,22.51,22.51,557400,12554401.0
2025-08-01 10:55:00,22.52,22.52,22.45,22.45,671300,15091601.0
2025-08-01 11:00:00,22.46,22.51,22.45,22.5,427000,9596815.0
2025-08-01 11:05:00,22.5,22.51,22.47,22.5,331400,7453245.0
2025-08-01 11:10:00,22.5,22.54,22.49,22.53,221700,4990432.0
2025-08-01 11:15:00,22.54,22.54,22.47,22.5,267800,6024307.0
2025-08-01 11:20:00,22.52,22.52,22.48,22.48,259000,5826428.0
2025-08-01 11:25:00,22.49,22.5,22.47,22.5,165900,3731086.0
2025-08-01 11:30:00,22.51,22.51,22.47,22.47,168200,3782210.0
2025-08-01 13:05:00,22.48,22.48,22.33,22.35,1104400,24738481.0
2025-08-01 13:10:00,22.35,22.38,22.34,22.35,567600,12692221.0
2025-08-01 13:15:00,22.35,22.38,22.33,22.33,407600,9109966.0
2025-08-01 13:20:00,22.33,22.35,22.3,22.34,526300,11746730.0
2025-08-01 13:25:00,22.34,22.34,22.3,22.31,405900,9058019.0
2025-08-01 13:30:00,22.31,22.32,22.3,22.31,679200,15151779.0
2025-08-01 13:35:00,22.32,22.32,22.28,22.28,514400,11472254.0
2025-08-01 13:40:00,22.28,22.29,22.27,22.27,423900,9445360.0
2025-08-01 13:45:00,22.28,22.31,22.27,22.28,707000,15757342.0
2025-08-01 13:50:00,22.28,22.31,22.28,22.31,322700,7195922.0
2025-08-01 13:55:00,22.31,22.32,22.3,22.31,295800,6599729.0
2025-08-01 14:00:00,22.31,22.31,22.28,22.28,451700,10068461.0
2025-08-01 14:05:00,22.28,22.28,22.24,22.24,711700,15840305.0
2025-08-01 14:10:00,22.24,22.26,22.22,22.26,509500,11330030.0
2025-08-01 14:15:00,22.25,22.29,22.24,22.29,468400,10423457.0
2025-08-01 14:20:00,22.28,22.3,22.27,22.3,582100,12974211.0
2025-08-01 14:25:00,22.3,22.31,22.29,22.29,299400,6675876.0
2025-08-01 14:30:00,22.29,22.3,22.26,22.27,388200,8647458.0
2025-08-01 14:35:00,22.27,22.28,22.25,22.27,479800,10681043.0
2025-08-01 14:40:00,22.27,22.28,22.25,22.25,339700,7563079.0
2025-08-01 14:45:00,22.25,22.27,22.25,22.25,489500,10894767.0
2025-08-01 14:50:00,22.25,22.27,22.25,22.26,410100,9129244.0
2025-08-01 14:55:00,22.26,22.27,22.25,22.27,934900,20809590.0
2025-08-01 15:00:00,22.27,22.27,22.25,22.25,690000,15356775.0
2025-08-04 09:35:00,22.17,22.28,22.1,22.1,2633500,58330665.0
2025-08-04 09:40:00,22.11,22.17,22.08,22.17,1151400,25462607.0
2025-08-04 09:45:00,22.18,22.18,22.09,22.1,1257700,27819484.0
2025-08-04 09:50:00,22.09,22.09,22.0,22.01,2084400,45932218.0
2025-08-04 09:55:00,22.01,22.08,21.99,22.07,971600,21404497.0
2025-08-04 10:00:00,22.07,22.12,22.06,22.1,473000,10449714.0
2025-08-04 10:05:00,22.1,22.13,22.08,22.08,370300,8184980.0
2025-08-04 10:10:00,22.08,22.09,22.04,22.06,516200,11391670.0
2025-08-04 10:15:00,22.06,22.09,22.06,22.07,262200,5786686.0
2025-08-04 10:20:00,22.08,22.09,22.05,22.06,460400,10159828.0
2025-08-04 10:25:00,22.06,22.07,22.04,22.07,343800,7583473.0
2025-08-04 10:30:00,22.07,22.09,22.06,22.06,431000,9511836.0
2025-08-04 10:35:00,22.07,22.07,22.05,22.05,346600,7644562.0
2025-08-04 10:40:00,22.05,22.06,22.01,22.02,626200,13796625.0
2025-08-04 10:45:00,22.01,22.02,21.97,22.01,1608900,35391700.0
2025-08-04 10:50:00,22.01,22.02,22.0,22.01,287800,6333080.0
2025-08-04 10:55:00,22.0,22.01,21.99,22.0,399300,8783840.0
2025-08-04 11:00:00,22.0,22.04,21.99,22.03,333800,7344141.0
2025-08-04 11:05:00,22.03,22.05,22.0,22.04,257400,5668227.0
2025-08-04 11:10:00,22.04,22.04,22.01,22.02,204300,4498661.0
2025-08-04 11:15:00,22.0,22.02,22.0,22.0,157600,3467352.0
2025-08-04 11:20:00,22.01,22.04,22.0,22.03,150500,3313608.0
2025-08-04 11:25:00,22.04,22.07,22.03,22.04,181800,4009364.0
2025-08-04 11:30:00,22.05,22.06,22.03,22.04,89400,1971719.0
2025-08-04 13:05:00,22.05,22.08,22.03,22.05,387500,8544219.0
2025-08-04 13:10:00,22.04,22.06,22.03,22.06,306700,6762195.0
2025-08-04 13:15:00,22.07,22.07,22.04,22.06,215200,4745506.0
2025-08-04 13:20:00,22.05,22.06,22.02,22.02,340700,7505447.0
2025-08-04 13:25:00,22.02,22.03,22.01,22.02,270500,5955510.0
2025-08-04 13:30:00,22.02,22.03,21.99,22.03,901100,19822031.0
2025-08-04 13:35:00,22.03,22.04,22.01,22.02,270200,5949654.0
2025-08-04 13:40:00,22.02,22.03,22.01,22.01,148200,3263946.0
2025-08-04 13:45:00,22.01,22.04,22.01,22.02,171500,3778236.0
2025-08-04 13:50:00,22.02,22.04,22.02,22.03,214200,4719853.0
2025-08-04 13:55:00,22.03,22.05,22.03,22.05,145100,3198041.0
2025-08-04 14:00:00,22.05,22.06,22.03,22.05,384200,8470009.0
2025-08-04 14:05:00,22.05,22.12,22.04,22.12,352600,7785028.0
2025-08-04 14:10:00,22.12,22.17,22.1,22.15,547000,12105593.0
2025-08-04 14:15:00,22.15,22.17,22.14,22.16,287400,6368943.0
2025-08-04 14:20:00,22.16,22.18,22.15,22.18,392400,8697481.0
2025-08-04 14:25:00,22.17,22.18,22.15,22.18,458400,10162632.0
2025-08-04 14:30:00,22.18,22.19,22.14,22.14,277200,6144054.0
2025-08-04 14:35:00,22.15,22.16,22.12,22.14,263000,5821682.0
2025-08-04 14:40:00,22.13,22.15,22.13,22.14,322800,7145725.0
2025-08-04 14:45:00,22.14,22.14,22.12,22.13,396000,8763850.0
2025-08-04 14:50:00,22.14,22.15,22.13,22.15,586400,12980232.0
2025-08-04 14:55:00,22.15,22.15,22.12,22.13,707200,15652036.0
2025-08-04 15:00:00,22.13,22.15,22.13,22.13,580900,12857478.0
2025-08-05 09:35:00,22.24,22.32,22.19,22.24,1533300,34120261.0
2025-08-05 09:40:00,22.26,22.29,22.24,22.29,702400,15642108.0
2025-08-05 09:45:00,22.29,22.33,22.28,22.28,945100,21081143.0
2025-08-05 09:50:00,22.28,22.3,22.26,22.27,515900,11490378.0
2025-08-05 09:55:00,22.26,22.29,22.23,22.24,727500,16192331.0
2025-08-05 10:00:00,22.24,22.25,22.22,22.23,281300,6254678.0
2025-08-05 10:05:00,22.22,22.23,22.21,22.22,358500,7964362.0
2025-08-05 10:10:00,22.23,22.26,22.22,22.26,475800,10582724.0
2025-08-05 10:15:00,22.26,22.27,22.23,22.25,820900,18263639.0
2025-08-05 10:20:00,22.24,22.24,22.21,22.24,325700,7238265.0
2025-08-05 10:25:00,22.25,22.28,22.24,22.25,264800,5893430.0
2025-08-05 10:30:00,22.26,22.26,22.21,22.21,566800,12604387.0
2025-08-05 10:35:00,22.21,22.23,22.2,22.21,399100,8864069.0
2025-08-05 10:40:00,22.22,22.22,22.18,22.18,355300,7887734.0
2025-08-05 10:45:00,22.18,22.21,22.18,22.2,191900,4259144.0
2025-08-05 10:50:00,22.2,22.21,22.18,22.18,140900,3126973.0
2025-08-05 10:55:00,22.18,22.19,22.18,22.18,122900,2726225.0
2025-08-05 11:00:00,22.19,22.2,22.18,22.19,192500,4271086.0
2025-08-05 11:05:00,22.19,22.21,22.19,22.2,179300,3981635.0
2025-08-05 11:10:00,22.2,22.21,22.18,22.19,150500,3339637.0
2025-08-05 11:15:00,22.19,22.2,22.18,22.2,96900,2150576.0
2025-08-05 11:20:00,22.19,22.2,22.17,22.19,208200,4618688.0
2025-08-05 11:25:00,22.2,22.22,22.19,22.21,161700,3591223.0
2025-08-05 11:30:00,22.21,22.22,22.2,22.21,147300,3270627.0
2025-08-05 13:05:00,22.22,22.23,22.2,22.2,311000,6908515.0
2025-08-05 13:10:00,22.2,22.22,22.2,22.22,174600,3878205.0
2025-08-05 13:15:00,22.22,22.22,22.19,22.21,418900,9302928.0
2025-08-05 13:20:00,22.21,22.22,22.2,22.21,293300,6515532.0
2025-08-05 13:25:00,22.21,22.25,22.2,22.23,577700,12844425.0
2025-08-05 13:30:00,22.24,22.26,22.22,22.24,201600,4483177.0
2025-08-05 13:35:00,22.25,22.25,22.22,22.23,296500,6592395.0
2025-08-05 13:40:00,22.23,22.23,22.21,22.23,472000,10479802.0
2025-08-05 13:45:00,22.23,22.24,22.22,22.23,177800,3952971.0
2025-08-05 13:50:00,22.23,22.24,22.23,22.23,111700,2484573.0
2025-08-05 13:55:00,22.23,22.24,22.2,22.21,260500,5786666.0
2025-08-05 14:00:00,22.2,22.21,22.19,22.2,298800,6632143.0
2025-08-05 14:05:00,22.2,22.22,22.19,22.21,236400,5249469.0
2025-08-05 14:10:00,22.21,22.22,22.21,22.21,130400,2896638.0
2025-08-05 14:15:00,22.22,22.24,22.21,22.23,137300,3051887.0
2025-08-05 14:20:00,22.24,22.25,22.23,22.24,150500,3347085.0
2025-08-05 14:25:00,22.24,22.24,22.22,22.23,252200,5607018.0
2025-08-05 14:30:00,22.24,22.25,22.23,22.25,415000,9230242.0
2025-08-05 14:35:00,22.24,22.25,22.22,22.23,397000,8825809.0
2025-08-05 14:40:00,22.23,22.23,22.21,22.21,261300,5805238.0
2025-08-05 14:45:00,22.22,22.22,22.21,22.21,250500,5564680.0
2025-08-05 14:50:00,22.21,22.23,22.19,22.23,834000,18522842.0
2025-08-05 14:55:00,22.21,22.25,22.2,22.25,561400,12482216.0
2025-08-05 15:00:00,22.24,22.25,22.22,22.23,731900,16271064.0
2025-08-06 09:35:00,22.24,22.32,22.2,22.24,837000,18617424.0
2025-08-06 09:40:00,22.21,22.25,22.21,22.23,529100,11762903.0
2025-08-06 09:45:00,22.22,22.23,22.2,22.22,425100,9444073.0
2025-08-06 09:50:00,22.22,22.26,22.17,22.18,696300,15458781.0
2025-08-06 09:55:00,22.17,22.2,22.16,22.17,465300,10319230.0
2025-08-06 10:00:00,22.17,22.2,22.15,22.18,458400,10158949.0
2025-08-06 10:05:00,22.19,22.2,22.17,22.19,226100,5015737.0
2025-08-06 10:10:00,22.19,22.19,22.15,22.16,525500,11649569.0
2025-08-06 10:15:00,22.16,22.21,22.16,22.16,672200,14906901.0
2025-08-06 10:20:00,22.16,22.18,22.15,22.18,292600,6487064.0
2025-08-06 10:25:00,22.18,22.2,22.17,22.17,241700,5361663.0
2025-08-06 10:30:00,22.18,22.19,22.15,22.16,501700,11121317.0
2025-08-06 10:35:00,22.16,22.16,22.13,22.14,419200,9283371.0
2025-08-06 10:40:00,22.14,22.19,22.14,22.16,277300,6145902.0
2025-08-06 10:45:00,22.16,22.17,22.16,22.17,179200,3971507.0
2025-08-06 10:50:00,22.17,22.17,22.15,22.16,320900,7110541.0
2025-08-06 10:55:00,22.15,22.17,22.15,22.16,166400,3686924.0
2025-08-06 11:00:00,22.15,22.16,22.15,22.16,196200,4347185.0
2025-08-06 11:05:00,22.16,22.21,22.16,22.2,271400,6021660.0
2025-08-06 11:10:00,22.21,22.23,22.19,22.19,316800,7035789.0
2025-08-06 11:15:00,22.19,22.2,22.18,22.2,154100,3419651.0
2025-08-06 11:20:00,22.2,22.21,22.19,22.2,164100,3642862.0
2025-08-06 11:25:00,22.2,22.21,22.19,22.2,132300,2936458.0
2025-08-06 11:30:00,22.2,22.22,22.19,22.2,237300,5269133.0
2025-08-06 13:05:00,22.21,22.23,22.2,22.22,380100,8442718.0
2025-08-06 13:10:00,22.22,22.23,22.19,22.2,313400,6957550.0
2025-08-06 13:15:00,22.2,22.22,22.19,22.22,222000,4928560.0
2025-08-06 13:20:00,22.22,22.22,22.19,22.19,252400,5603065.0
2025-08-06 13:25:00,22.2,22.2,22.18,22.19,252900,5613400.0
2025-08-06 13:30:00,22.18,22.2,22.18,22.19,491400,10903715.0
2025-08-06 13:35:00,22.19,22.21,22.19,22.2,242300,5378488.0
2025-08-06 13:40:00,22.2,22.22,22.2,22.21,249700,5546082.0
2025-08-06 13:45:00,22.2,22.22,22.2,22.21,201600,4476907.0
2025-08-06 13:50:00,22.21,22.23,22.2,22.22,290200,6444969.0
2025-08-06 13:55:00,22.23,22.26,22.22,22.25,405800,9026958.0
2025-08-06 14:00:00,22.25,22.26,22.23,22.24,311000,6918509.0
2025-08-06 14:05:00,22.25,22.25,22.23,22.25,329500,7327136.0
2025-08-06 14:10:00,22.25,22.25,22.23,22.25,389200,8655840.0
2025-08-06 14:15:00,22.25,22.25,22.23,22.24,434300,9658579.0
2025-08-06 14:20:00,22.23,22.26,22.22,22.25,493500,10975282.0
2025-08-06 14:25:00,22.25,22.26,22.25,22.26,413600,9206233.0
2025-08-06 14:30:00,22.26,22.28,22.25,22.27,422000,9395643.0
2025-08-06 14:35:00,22.27,22.3,22.26,22.3,620400,13823009.0
2025-08-06 14:40:00,22.3,22.3,22.28,22.3,601200,13404139.0
2025-08-06 14:45:00,22.3,22.31,22.28,22.29,484900,10810620.0
2025-08-06 14:50:00,22.3,22.31,22.29,22.3,484900,10812588.0
2025-08-06 14:55:00,22.31,22.31,22.28,22.3,1047800,23359899.0
2025-08-06 15:00:00,22.3,22.3,22.26,22.26,484700,10798314.0
2025-08-07 09:35:00,22.32,22.55,22.3,22.52,2752900,61786708.0
2025-08-07 09:40:00,22.51,22.55,22.48,22.5,1263600,28442412.0
2025-08-07 09:45:00,22.53,22.58,22.47,22.49,1508500,33977022.0
2025-08-07 09:50:00,22.48,22.49,22.41,22.49,589500,13232266.0
2025-08-07 09:55:00,22.49,22.54,22.48,22.49,591300,13309033.0
2025-08-07 10:00:00,22.5,22.58,22.49,22.56,1194700,26928675.0
2025-08-07 10:05:00,22.57,22.66,22.55,22.56,1878700,42456906.0
2025-08-07 10:10:00,22.56,22.57,22.47,22.49,816500,18389949.0
2025-08-07 10:15:00,22.5,22.5,22.44,22.45,573400,12887888.0
2025-08-07 10:20:00,22.44,22.45,22.4,22.42,879400,19708767.0
2025-08-07 10:25:00,22.42,22.43,22.39,22.4,408600,9156616.0
2025-08-07 10:30:00,22.39,22.4,22.33,22.33,620800,13887997.0
2025-08-07 10:35:00,22.33,22.35,22.33,22.35,577200,12894581.0
2025-08-07 10:40:00,22.34,22.37,22.34,22.34,461300,10310617.0
2025-08-07 10:45:00,22.34,22.35,22.33,22.34,277400,6197210.0
2025-08-07 10:50:00,22.34,22.37,22.33,22.36,309200,6910293.0
2025-08-07 10:55:00,22.36,22.36,22.33,22.35,439300,9816078.0
2025-08-07 11:00:00,22.35,22.35,22.33,22.33,341200,7622282.0
2025-08-07 11:05:00,22.33,22.34,22.31,22.31,338300,7551320.0
2025-08-07 11:10:00,22.31,22.34,22.28,22.32,857800,19142837.0
2025-08-07 11:15:00,22.31,22.34,22.31,22.34,186400,4162488.0
2025-08-07 11:20:00,22.34,22.34,22.32,22.34,262700,5866981.0
2025-08-07 11:25:00,22.33,22.35,22.33,22.35,158400,3538895.0
2025-08-07 11:30:00,22.34,22.38,22.34,22.38,142600,3188854.0
2025-08-07 13:05:00,22.39,22.41,22.36,22.37,355100,7948850.0
2025-08-07 13:10:00,22.37,22.38,22.35,22.36,199400,4458976.0
2025-08-07 13:15:00,22.35,22.37,22.33,22.34,176500,3943163.0
2025-08-07 13:20:00,22.33,22.35,22.32,22.34,184800,4127247.0
2025-08-07 13:25:00,22.34,22.35,22.33,22.35,76900,1718339.0
2025-08-07 13:30:00,22.35,22.35,22.33,22.33,159500,3562703.0
2025-08-07 13:35:00,22.33,22.35,22.33,22.34,140700,3142126.0
2025-08-07 13:40:00,22.34,22.35,22.32,22.34,242100,5406940.0
2025-08-07 13:45:00,22.35,22.35,22.32,22.34,159400,3560305.0
2025-08-07 13:50:00,22.35,22.35,22.33,22.34,361600,8079134.0
2025-08-07 13:55:00,22.34,22.35,22.33,22.33,129700,2898236.0
2025-08-07 14:00:00,22.34,22.34,22.31,22.32,412500,9209518.0
2025-08-07 14:05:00,22.32,22.35,22.32,22.34,258100,5764020.0
2025-08-07 14:10:00,22.35,22.39,22.34,22.37,341400,7635265.0
2025-08-07 14:15:00,22.36,22.38,22.35,22.35,211700,4734520.0
2025-08-07 14:20:00,22.35,22.37,22.32,22.36,309300,6909881.0
2025-08-07 14:25:00,22.35,22.37,22.35,22.36,141400,3161909.0
2025-08-07 14:30:00,22.37,22.37,22.33,22.34,170700,3815488.0
2025-08-07 14:35:00,22.34,22.37,22.33,22.36,239300,5349024.0
2025-08-07 14:40:00,22.37,22.38,22.36,22.38,177700,3975818.0
2025-08-07 14:45:00,22.37,22.38,22.36,22.36,416700,9322597.0
2025-08-07 14:50:00,22.36,22.38,22.35,22.37,377900,8452102.0
2025-08-07 14:55:00,22.37,22.38,22.36,22.37,409400,9160043.0
2025-08-07 15:00:00,22.37,22.39,22.37,22.39,487800,10920408.0
2025-08-08 09:35:00,22.4,22.41,22.31,22.4,819600,18341149.0
2025-08-08 09:40:00,22.4,22.41,22.32,22.35,578900,12946561.0
2025-08-08 09:45:00,22.36,22.36,22.33,22.36,713900,15949107.0
2025-08-08 09:50:00,22.36,22.36,22.33,22.36,596300,13319728.0
2025-08-08 09:55:00,22.35,22.35,22.27,22.28,569500,12702368.0
2025-08-08 10:00:00,22.28,22.3,22.27,22.29,542800,12094824.0
2025-08-08 10:05:00,22.29,22.37,22.29,22.37,641100,14309245.0
2025-08-08 10:10:00,22.38,22.41,22.37,22.41,672400,15054325.0
2025-08-08 10:15:00,22.41,22.44,22.41,22.44,668800,14996060.0
2025-08-08 10:20:00,22.44,22.49,22.44,22.46,660200,14835780.0
2025-08-08 10:25:00,22.46,22.48,22.45,22.45,357500,8032752.0
2025-08-08 10:30:00,22.45,22.49,22.45,22.49,381600,8576640.0
2025-08-08 10:35:00,22.48,22.51,22.46,22.48,739800,16639426.0
2025-08-08 10:40:00,22.48,22.54,22.48,22.51,421900,9494711.0
2025-08-08 10:45:00,22.51,22.53,22.49,22.5,249000,5604060.0
2025-08-08 10:50:00,22.49,22.51,22.49,22.5,202000,4544906.0
2025-08-08 10:55:00,22.49,22.54,22.48,22.54,493300,11107452.0
2025-08-08 11:00:00,22.54,22.55,22.53,22.53,288000,6492978.0
2025-08-08 11:05:00,22.53,22.54,22.5,22.52,383400,8634982.0
2025-08-08 11:10:00,22.52,22.53,22.5,22.52,279600,6294314.0
2025-08-08 11:15:00,22.51,22.54,22.51,22.52,261700,5894978.0
2025-08-08 11:20:00,22.52,22.54,22.51,22.52,276500,6226400.0
2025-08-08 11:25:00,22.53,22.53,22.5,22.5,246400,5545765.0
2025-08-08 11:30:00,22.51,22.53,22.51,22.52,169600,3818737.0
2025-08-08 13:05:00,22.52,22.7,22.52,22.69,1806700,40841051.0
2025-08-08 13:10:00,22.68,22.72,22.67,22.7,1121200,25452391.0
2025-08-08 13:15:00,22.7,22.75,22.67,22.72,1294200,29384903.0
2025-08-08 13:20:00,22.71,22.74,22.71,22.72,672300,15281713.0
2025-08-08 13:25:00,22.73,22.75,22.69,22.69,632600,14373920.0
2025-08-08 13:30:00,22.69,22.7,22.62,22.63,771400,17482093.0
2025-08-08 13:35:00,22.63,22.69,22.63,22.66,475100,10768975.0
2025-08-08 13:40:00,22.66,22.67,22.64,22.66,265100,6005998.0
2025-08-08 13:45:00,22.66,22.67,22.64,22.65,419300,9501776.0
2025-08-08 13:50:00,22.64,22.65,22.61,22.63,383400,8670623.0
2025-08-08 13:55:00,22.63,22.72,22.63,22.7,980600,22249472.0
2025-08-08 14:00:00,22.71,22.74,22.7,22.74,774700,17605407.0
2025-08-08 14:05:00,22.74,22.75,22.72,22.72,618600,14062588.0
2025-08-08 14:10:00,22.73,22.73,22.7,22.71,535000,12156370.0
2025-08-08 14:15:00,22.7,22.71,22.69,22.7,252500,5731883.0
2025-08-08 14:20:00,22.7,22.7,22.67,22.68,284300,6449704.0
2025-08-08 14:25:00,22.68,22.69,22.66,22.69,242400,5496583.0
2025-08-08 14:30:00,22.69,22.7,22.68,22.69,280300,6360145.0
2025-08-08 14:35:00,22.69,22.71,22.66,22.67,416100,9439843.0
2025-08-08 14:40:00,22.67,22.68,22.65,22.67,330000,7478840.0
2025-08-08 14:45:00,22.67,22.68,22.66,22.68,362100,8209670.0
2025-08-08 14:50:00,22.67,22.69,22.67,22.69,490500,11124820.0
2025-08-08 14:55:00,22.68,22.69,22.66,22.68,437200,9913942.0
2025-08-08 15:00:00,22.68,22.68,22.66,22.67,477200,10819287.0
2025-08-11 09:35:00,22.71,22.75,22.66,22.7,1387200,31503499.0
2025-08-11 09:40:00,22.7,22.7,22.61,22.66,1006200,22795263.0
2025-08-11 09:45:00,22.66,22.66,22.58,22.61,762600,17243472.0
2025-08-11 09:50:00,22.61,22.63,22.54,22.58,790400,17846050.0
2025-08-11 09:55:00,22.58,22.61,22.57,22.61,616500,13926188.0
2025-08-11 10:00:00,22.61,22.62,22.55,22.59,560900,12664294.0
2025-08-11 10:05:00,22.6,22.62,22.57,22.6,515000,11632991.0
2025-08-11 10:10:00,22.6,22.6,22.56,22.56,422600,9539358.0
2025-08-11 10:15:00,22.56,22.57,22.53,22.55,794800,17919010.0
2025-08-11 10:20:00,22.55,22.55,22.53,22.55,393800,8877069.0
2025-08-11 10:25:00,22.54,22.56,22.54,22.54,355300,8009517.0
2025-08-11 10:30:00,22.54,22.57,22.54,22.57,253100,5710309.0
2025-08-11 10:35:00,22.55,22.57,22.54,22.57,279500,6303699.0
2025-08-11 10:40:00,22.57,22.61,22.57,22.61,222700,5030737.0
2025-08-11 10:45:00,22.61,22.67,22.6,22.63,592100,13402650.0
2025-08-11 10:50:00,22.63,22.63,22.59,22.61,284100,6423220.0
2025-08-11 10:55:00,22.61,22.64,22.61,22.64,295100,6674097.0
2025-08-11 11:00:00,22.63,22.64,22.62,22.63,227200,5141213.0
2025-08-11 11:05:00,22.62,22.64,22.61,22.63,208900,4726673.0
2025-08-11 11:10:00,22.62,22.63,22.59,22.59,264500,5978929.0
2025-08-11 11:15:00,22.59,22.62,22.59,22.59,271500,6135055.0
2025-08-11 11:20:00,22.6,22.6,22.57,22.59,434800,9821152.0
2025-08-11 11:25:00,22.59,22.6,22.57,22.6,516200,11657023.0
2025-08-11 11:30:00,22.6,22.6,22.58,22.59,256300,5791817.0
2025-08-11 13:05:00,22.59,22.63,22.59,22.6,400500,9053627.0
2025-08-11 13:10:00,22.6,22.64,22.59,22.64,241300,5456380.0
2025-08-11 13:15:00,22.64,22.65,22.62,22.63,259300,5869621.0
2025-08-11 13:20:00,22.63,22.64,22.6,22.6,349100,7893053.0
2025-08-11 13:25:00,22.6,22.61,22.59,22.61,253800,5736019.0
2025-08-11 13:30:00,22.62,22.64,22.61,22.62,232000,5247878.0
2025-08-11 13:35:00,22.62,22.63,22.61,22.62,185800,4204198.0
2025-08-11 13:40:00,22.62,22.65,22.62,22.64,382200,8651360.0
2025-08-11 13:45:00,22.64,22.65,22.62,22.64,309300,7001410.0
2025-08-11 13:50:00,22.64,22.68,22.63,22.67,582800,13206765.0
2025-08-11 13:55:00,22.66,22.68,22.63,22.65,185600,4203266.0
2025-08-11 14:00:00,22.65,22.66,22.64,22.65,183700,4160395.0
2025-08-11 14:05:00,22.64,22.67,22.64,22.66,304700,6902930.0
2025-08-11 14:10:00,22.66,22.66,22.6,22.6,409900,9277448.0
2025-08-11 14:15:00,22.6,22.61,22.58,22.6,314200,7099010.0
2025-08-11 14:20:00,22.6,22.6,22.57,22.59,332500,7509408.0
2025-08-11 14:25:00,22.58,22.6,22.58,22.6,216400,4887935.0
2025-08-11 14:30:00,22.6,22.61,22.59,22.6,250300,5656149.0
2025-08-11 14:35:00,22.6,22.6,22.58,22.59,213000,4811850.0
2025-08-11 14:40:00,22.59,22.6,22.58,22.6,217400,4911800.0
2025-08-11 14:45:00,22.59,22.6,22.58,22.58,308500,6967824.0
2025-08-11 14:50:00,22.58,22.62,22.58,22.61,600200,13563077.0
2025-08-11 14:55:00,22.61,22.62,22.6,22.6,657100,14857027.0
2025-08-11 15:00:00,22.61,22.62,22.6,22.6,746900,16882933.0
2025-08-12 09:35:00,22.6,22.67,22.57,22.61,746900,16896811.0
2025-08-12 09:40:00,22.61,22.63,22.6,22.62,499800,11303482.0
2025-08-12 09:45:00,22.62,22.68,22.61,22.65,897900,20340339.0
2025-08-12 09:50:00,22.66,22.7,22.64,22.67,509200,11539890.0
2025-08-12 09:55:00,22.66,22.7,22.66,22.66,388500,8810534.0
2025-08-12 10:00:00,22.66,22.69,22.66,22.68,597200,13537621.0
2025-08-12 10:05:00,22.68,22.75,22.66,22.71,833200,18928717.0
2025-08-12 10:10:00,22.71,22.72,22.66,22.69,663600,15057525.0
2025-08-12 10:15:00,22.68,22.72,22.67,22.71,406900,9235485.0
2025-08-12 10:20:00,22.72,22.72,22.7,22.72,391300,8886915.0
2025-08-12 10:25:00,22.72,22.72,22.66,22.67,510500,11580269.0
2025-08-12 10:30:00,22.67,22.67,22.62,22.62,431300,9766478.0
2025-08-12 10:35:00,22.62,22.64,22.61,22.64,285900,6468119.0
2025-08-12 10:40:00,22.63,22.65,22.61,22.61,309100,6993782.0
2025-08-12 10:45:00,22.61,22.62,22.6,22.61,427500,9664036.0
2025-08-12 10:50:00,22.61,22.61,22.57,22.59,489900,11067091.0
2025-08-12 10:55:00,22.59,22.59,22.55,22.55,497900,11235038.0
2025-08-12 11:00:00,22.56,22.56,22.5,22.53,821200,18494059.0
2025-08-12 11:05:00,22.53,22.55,22.52,22.54,235000,5295165.0
2025-08-12 11:10:00,22.54,22.56,22.54,22.56,181600,4095398.0
2025-08-12 11:15:00,22.55,22.57,22.55,22.55,177700,4008802.0
2025-08-12 11:20:00,22.56,22.57,22.55,22.56,209400,4724186.0
2025-08-12 11:25:00,22.57,22.57,22.53,22.55,233600,5267998.0
2025-08-12 11:30:00,22.55,22.55,22.53,22.55,226900,5115154.0
2025-08-12 13:05:00,22.56,22.57,22.55,22.55,295900,6675877.0
2025-08-12 13:10:00,22.57,22.57,22.54,22.54,265800,5994549.0
2025-08-12 13:15:00,22.54,22.55,22.52,22.52,497000,11196688.0
2025-08-12 13:20:00,22.52,22.53,22.5,22.5,421000,9477761.0
2025-08-12 13:25:00,22.5,22.53,22.49,22.52,590900,13300157.0
2025-08-12 13:30:00,22.52,22.52,22.48,22.49,781100,17572950.0
2025-08-12 13:35:00,22.5,22.5,22.48,22.49,481500,10827439.0
2025-08-12 13:40:00,22.49,22.5,22.48,22.49,252100,5670217.0
2025-08-12 13:45:00,22.5,22.52,22.49,22.5,521400,11730931.0
2025-08-12 13:50:00,22.49,22.5,22.48,22.5,264700,5953078.0
2025-08-12 13:55:00,22.5,22.51,22.48,22.5,314900,7082756.0
2025-08-12 14:00:00,22.5,22.51,22.49,22.51,223000,5018711.0
2025-08-12 14:05:00,22.51,22.54,22.51,22.53,234500,5282034.0
2025-08-12 14:10:00,22.52,22.53,22.51,22.52,235100,5294121.0
2025-08-12 14:15:00,22.52,22.52,22.5,22.5,218500,4917828.0
2025-08-12 14:20:00,22.5,22.52,22.48,22.52,426800,9601305.0
2025-08-12 14:25:00,22.51,22.54,22.51,22.52,223100,5024753.0
2025-08-12 14:30:00,22.53,22.54,22.52,22.52,137500,3098053.0
2025-08-12 14:35:00,22.54,22.54,22.52,22.54,212900,4796683.0
2025-08-12 14:40:00,22.53,22.54,22.51,22.52,244000,5495996.0
2025-08-12 14:45:00,22.53,22.53,22.51,22.52,325700,7335625.0
2025-08-12 14:50:00,22.51,22.55,22.51,22.54,499300,11250177.0
2025-08-12 14:55:00,22.54,22.56,22.53,22.56,481900,10864817.0
2025-08-12 15:00:00,22.55,22.58,22.54,22.54,469600,10588213.0
2025-08-13 09:35:00,22.61,22.65,22.51,22.53,815700,18405241.0
2025-08-13 09:40:00,22.53,22.59,22.52,22.54,572500,12911302.0
2025-08-13 09:45:00,22.54,22.55,22.51,22.53,782400,17624639.0
2025-08-13 09:50:00,22.54,22.56,22.53,22.54,674400,15200936.0
2025-08-13 09:55:00,22.53,22.53,22.51,22.52,623400,14038431.0
2025-08-13 10:00:00,22.52,22.53,22.5,22.51,471900,10622873.0
2025-08-13 10:05:00,22.53,22.57,22.51,22.57,568900,12813625.0
2025-08-13 10:10:00,22.57,22.57,22.48,22.49,770000,17338065.0
2025-08-13 10:15:00,22.49,22.5,22.45,22.47,766600,17227851.0
2025-08-13 10:20:00,22.47,22.49,22.46,22.47,379500,8528628.0
2025-08-13 10:25:00,22.47,22.51,22.47,22.5,310000,6971004.0
2025-08-13 10:30:00,22.5,22.52,22.49,22.52,243300,5475738.0
2025-08-13 10:35:00,22.52,22.54,22.51,22.52,354900,7994403.0
2025-08-13 10:40:00,22.53,22.59,22.53,22.55,365200,8242190.0
2025-08-13 10:45:00,22.57,22.58,22.55,22.55,190100,4290867.0
2025-08-13 10:50:00,22.55,22.57,22.54,22.55,262700,5926123.0
2025-08-13 10:55:00,22.55,22.58,22.55,22.56,305000,6881424.0
2025-08-13 11:00:00,22.56,22.6,22.55,22.6,364100,8220113.0
2025-08-13 11:05:00,22.6,22.62,22.57,22.59,570900,12903104.0
2025-08-13 11:10:00,22.6,22.63,22.59,22.62,444400,10048430.0
2025-08-13 11:15:00,22.63,22.65,22.58,22.6,994500,22504786.0
2025-08-13 11:20:00,22.6,22.63,22.6,22.62,331900,7506323.0
2025-08-13 11:25:00,22.62,22.62,22.58,22.58,276400,6246700.0
2025-08-13 11:30:00,22.59,22.62,22.57,22.61,328100,7415463.0
2025-08-13 13:05:00,22.61,22.66,22.61,22.65,651300,14740349.0
2025-08-13 13:10:00,22.66,22.67,22.65,22.66,706500,16007712.0
2025-08-13 13:15:00,22.65,22.66,22.62,22.63,304600,6895313.0
2025-08-13 13:20:00,22.64,22.69,22.63,22.69,940000,21298452.0
2025-08-13 13:25:00,22.69,22.71,22.66,22.66,770300,17479346.0
2025-08-13 13:30:00,22.66,22.69,22.66,22.67,333500,7564416.0
2025-08-13 13:35:00,22.68,22.69,22.66,22.68,455400,10327642.0
2025-08-13 13:40:00,22.69,22.69,22.68,22.68,347000,7871096.0
2025-08-13 13:45:00,22.68,22.75,22.68,22.75,1163300,26416113.0
2025-08-13 13:50:00,22.74,22.8,22.74,22.76,1316000,29974541.0
2025-08-13 13:55:00,22.76,22.77,22.73,22.75,412900,9395396.0
2025-08-13 14:00:00,22.74,22.76,22.72,22.72,435100,9894716.0
2025-08-13 14:05:00,22.72,22.76,22.72,22.75,347500,7901739.0
2025-08-13 14:10:00,22.74,22.76,22.74,22.75,419100,9534049.0
2025-08-13 14:15:00,22.75,22.75,22.71,22.71,324900,7386555.0
2025-08-13 14:20:00,22.71,22.72,22.69,22.7,359200,8155699.0
2025-08-13 14:25:00,22.69,22.69,22.65,22.67,517300,11727329.0
2025-08-13 14:30:00,22.69,22.69,22.62,22.63,522100,11823234.0
2025-08-13 14:35:00,22.63,22.65,22.6,22.61,620400,14035931.0
2025-08-13 14:40:00,22.61,22.64,22.61,22.64,286900,6491330.0
2025-08-13 14:45:00,22.64,22.64,22.62,22.64,356900,8075502.0
2025-08-13 14:50:00,22.64,22.66,22.62,22.64,444600,10067588.0
2025-08-13 14:55:00,22.65,22.66,22.62,22.64,573600,12983183.0
2025-08-13 15:00:00,22.64,22.68,22.63,22.67,539400,12221119.0
2025-08-14 09:35:00,22.72,22.79,22.67,22.7,1474700,33513905.0
2025-08-14 09:40:00,22.73,22.73,22.68,22.69,638600,14493167.0
2025-08-14 09:45:00,22.7,22.75,22.66,22.7,646700,14687252.0
2025-08-14 09:50:00,22.71,22.75,22.7,22.75,654400,14869891.0
2025-08-14 09:55:00,22.74,22.76,22.69,22.69,638700,14515542.0
2025-08-14 10:00:00,22.69,22.71,22.65,22.67,698200,15832139.0
2025-08-14 10:05:00,22.66,22.68,22.63,22.65,549300,12444110.0
2025-08-14 10:10:00,22.65,22.7,22.64,22.7,398400,9028056.0
2025-08-14 10:15:00,22.7,22.7,22.66,22.66,549700,12462819.0
2025-08-14 10:20:00,22.67,22.69,22.66,22.67,371900,8433267.0
2025-08-14 10:25:00,22.67,22.71,22.66,22.71,383000,8687827.0
2025-08-14 10:30:00,22.71,22.74,22.69,22.71,371000,8428292.0
2025-08-14 10:35:00,22.71,22.72,22.7,22.72,406800,9237796.0
2025-08-14 10:40:00,22.72,22.72,22.69,22.7,332000,7538064.0
2025-08-14 10:45:00,22.7,22.7,22.66,22.66,492700,11170152.0
2025-08-14 10:50:00,22.66,22.67,22.65,22.65,478400,10841226.0
2025-08-14 10:55:00,22.66,22.68,22.66,22.67,291500,6607586.0
2025-08-14 11:00:00,22.67,22.74,22.67,22.74,424800,9648893.0
2025-08-14 11:05:00,22.74,22.75,22.73,22.75,393500,8948306.0
2025-08-14 11:10:00,22.74,22.75,22.71,22.73,264400,6009356.0
2025-08-14 11:15:00,22.72,22.75,22.72,22.73,180800,4109946.0
2025-08-14 11:20:00,22.73,22.74,22.72,22.73,203800,4633388.0
2025-08-14 11:25:00,22.74,22.74,22.72,22.74,134600,3058562.0
2025-08-14 11:30:00,22.73,22.73,22.7,22.7,187300,4255379.0
2025-08-14 13:05:00,22.7,22.71,22.67,22.68,442100,10032003.0
2025-08-14 13:10:00,22.69,22.7,22.59,22.6,2362100,53504318.0
2025-08-14 13:15:00,22.6,22.62,22.57,22.61,520900,11771979.0
2025-08-14 13:20:00,22.61,22.61,22.55,22.56,741100,16725531.0
2025-08-14 13:25:00,22.56,22.58,22.52,22.52,779000,17567026.0
2025-08-14 13:30:00,22.52,22.56,22.5,22.55,1423800,32060768.0
2025-08-14 13:35:00,22.54,22.56,22.53,22.56,404200,9110958.0
2025-08-14 13:40:00,22.56,22.58,22.55,22.58,324200,7312902.0
2025-08-14 13:45:00,22.57,22.58,22.53,22.53,393800,8874411.0
2025-08-14 13:50:00,22.54,22.57,22.53,22.55,226900,5116298.0
2025-08-14 13:55:00,22.56,22.57,22.54,22.54,366200,8259267.0
2025-08-14 14:00:00,22.54,22.55,22.52,22.53,227000,5115451.0
2025-08-14 14:05:00,22.53,22.58,22.53,22.58,226400,5108371.0
2025-08-14 14:10:00,22.57,22.59,22.56,22.56,232300,5243518.0
2025-08-14 14:15:00,22.56,22.57,22.52,22.53,304300,6860027.0
2025-08-14 14:20:00,22.53,22.56,22.52,22.54,192000,4327280.0
2025-08-14 14:25:00,22.55,22.58,22.54,22.57,231800,5227978.0
2025-08-14 14:30:00,22.58,22.58,22.56,22.57,203100,4583089.0
2025-08-14 14:35:00,22.57,22.59,22.55,22.56,257600,5814067.0
2025-08-14 14:40:00,22.55,22.56,22.53,22.55,394100,8885922.0
2025-08-14 14:45:00,22.55,22.57,22.55,22.55,324900,7329069.0
2025-08-14 14:50:00,22.55,22.56,22.53,22.53,603800,13609214.0
2025-08-14 14:55:00,22.53,22.54,22.52,22.53,491400,11071117.0
2025-08-14 15:00:00,22.53,22.53,22.51,22.51,863600,19442360.0
2025-08-15 09:35:00,22.47,22.53,22.42,22.5,785300,17646584.0
2025-08-15 09:40:00,22.5,22.54,22.48,22.54,582600,13115540.0
2025-08-15 09:45:00,22.52,22.56,22.52,22.54,374100,8432789.0
2025-08-15 09:50:00,22.54,22.62,22.51,22.6,754600,17021596.0
2025-08-15 09:55:00,22.61,22.65,22.56,22.63,545700,12342554.0
2025-08-15 10:00:00,22.64,22.64,22.56,22.58,566400,12802384.0
2025-08-15 10:05:00,22.58,22.63,22.55,22.56,559200,12634008.0
2025-08-15 10:10:00,22.57,22.64,22.55,22.63,722700,16330314.0
2025-08-15 10:15:00,22.63,22.65,22.6,22.65,449300,10168495.0
2025-08-15 10:20:00,22.64,22.66,22.59,22.61,405400,9176606.0
2025-08-15 10:25:00,22.6,22.61,22.57,22.57,334800,7560693.0
2025-08-15 10:30:00,22.57,22.57,22.5,22.51,632300,14244488.0
2025-08-15 10:35:00,22.51,22.59,22.51,22.57,345700,7798870.0
2025-08-15 10:40:00,22.56,22.61,22.56,22.61,324400,7324135.0
2025-08-15 10:45:00,22.6,22.61,22.58,22.6,369800,8351060.0
2025-08-15 10:50:00,22.6,22.68,22.59,22.67,950200,21505230.0
2025-08-15 10:55:00,22.67,22.67,22.62,22.63,183500,4156099.0
2025-08-15 11:00:00,22.64,22.67,22.61,22.61,370800,8397102.0
2025-08-15 11:05:00,22.6,22.65,22.6,22.63,240600,5442840.0
2025-08-15 11:10:00,22.64,22.66,22.63,22.63,465700,10546060.0
2025-08-15 11:15:00,22.63,22.65,22.62,22.64,250000,5659069.0
2025-08-15 11:20:00,22.63,22.64,22.61,22.63,256800,5809904.0
2025-08-15 11:25:00,22.62,22.68,22.6,22.68,530500,12016845.0
2025-08-15 11:30:00,22.67,22.69,22.66,22.69,484500,10988379.0
2025-08-15 13:05:00,22.69,22.72,22.68,22.7,943100,21409030.0
2025-08-15 13:10:00,22.71,22.73,22.69,22.71,509700,11577497.0
2025-08-15 13:15:00,22.71,22.72,22.69,22.71,362900,8241088.0
2025-08-15 13:20:00,22.72,22.75,22.71,22.75,927400,21079670.0
2025-08-15 13:25:00,22.75,22.87,22.74,22.78,1841300,41998845.0
2025-08-15 13:30:00,22.79,22.81,22.75,22.77,557800,12703380.0
2025-08-15 13:35:00,22.77,22.77,22.72,22.75,819400,18619738.0
2025-08-15 13:40:00,22.74,22.76,22.73,22.74,560300,12746410.0
2025-08-15 13:45:00,22.74,22.75,22.72,22.73,385600,8766628.0
2025-08-15 13:50:00,22.73,22.76,22.72,22.76,343000,7799573.0
2025-08-15 13:55:00,22.76,22.79,22.75,22.78,361600,8237261.0
2025-08-15 14:00:00,22.78,22.79,22.76,22.77,373000,8493818.0
2025-08-15 14:05:00,22.77,22.79,22.77,22.77,377600,8601057.0
2025-08-15 14:10:00,22.77,22.78,22.73,22.76,347000,7895696.0
2025-08-15 14:15:00,22.75,22.77,22.74,22.76,331000,7530068.0
2025-08-15 14:20:00,22.76,22.85,22.75,22.82,1278200,29153254.0
2025-08-15 14:25:00,22.82,22.82,22.79,22.79,773000,17627982.0
2025-08-15 14:30:00,22.8,22.81,22.77,22.79,442000,10074008.0
2025-08-15 14:35:00,22.79,22.8,22.78,22.79,245200,5589627.0
2025-08-15 14:40:00,22.8,22.84,22.79,22.82,758800,17312076.0
2025-08-15 14:45:00,22.83,22.84,22.82,22.82,478800,10927957.0
2025-08-15 14:50:00,22.82,22.85,22.82,22.85,798100,18228027.0
2025-08-15 14:55:00,22.84,22.85,22.82,22.84,871100,19890062.0
2025-08-15 15:00:00,22.83,22.84,22.82,22.83,511600,11679695.0
2025-08-18 09:35:00,22.92,22.99,22.88,22.98,2161500,49595541.0
2025-08-18 09:40:00,22.99,23.06,22.97,22.98,1722600,39636500.0
2025-08-18 09:45:00,22.97,22.99,22.92,22.94,827400,18996245.0
2025-08-18 09:50:00,22.95,22.95,22.9,22.95,618200,14172928.0
2025-08-18 09:55:00,22.96,23.0,22.93,22.99,589400,13538769.0
2025-08-18 10:00:00,23.0,23.0,22.91,22.95,586800,13470168.0
2025-08-18 10:05:00,22.96,22.96,22.9,22.9,659000,15114021.0
2025-08-18 10:10:00,22.9,22.9,22.87,22.9,747200,17100148.0
2025-08-18 10:15:00,22.9,22.93,22.85,22.92,726700,16631981.0
2025-08-18 10:20:00,22.92,22.92,22.86,22.86,447000,10231664.0
2025-08-18 10:25:00,22.87,22.87,22.8,22.84,933800,21320309.0
2025-08-18 10:30:00,22.83,22.87,22.83,22.85,691500,15797427.0
2025-08-18 10:35:00,22.84,22.86,22.8,22.86,793600,18115492.0
2025-08-18 10:40:00,22.86,22.89,22.83,22.84,764700,17478055.0
2025-08-18 10:45:00,22.84,22.87,22.83,22.86,576400,13167189.0
2025-08-18 10:50:00,22.86,22.89,22.85,22.86,373800,8547826.0
2025-08-18 10:55:00,22.86,22.87,22.82,22.83,652800,14906787.0
2025-08-18 11:00:00,22.83,22.89,22.82,22.88,387800,8866596.0
2025-08-18 11:05:00,22.88,22.89,22.85,22.89,296700,6785422.0
2025-08-18 11:10:00,22.88,22.93,22.87,22.92,395500,9056372.0
2025-08-18 11:15:00,22.94,22.98,22.93,22.97,673900,15476802.0
2025-08-18 11:20:00,22.97,23.05,22.97,23.02,1277200,29395836.0
2025-08-18 11:25:00,23.02,23.02,22.96,22.99,536100,12319355.0
2025-08-18 11:30:00,22.99,23.01,22.98,23.0,280100,6441610.0
2025-08-18 13:05:00,23.0,23.08,22.99,23.07,1379000,31772507.0
2025-08-18 13:10:00,23.06,23.08,23.03,23.04,541500,12489010.0
2025-08-18 13:15:00,23.03,23.09,23.03,23.07,886100,20445585.0
2025-08-18 13:20:00,23.06,23.07,23.0,23.0,717200,16510313.0
2025-08-18 13:25:00,23.01,23.05,23.0,23.02,412500,9500144.0
2025-08-18 13:30:00,23.02,23.03,22.98,23.02,483400,11116880.0
2025-08-18 13:35:00,23.02,23.03,23.0,23.02,291500,6709473.0
2025-08-18 13:40:00,23.02,23.03,23.0,23.02,395500,9104577.0
2025-08-18 13:45:00,23.01,23.01,22.97,22.98,382000,8784577.0
2025-08-18 13:50:00,22.99,23.0,22.97,22.99,355000,8160552.0
2025-08-18 13:55:00,22.99,22.99,22.97,22.97,307000,7053963.0
2025-08-18 14:00:00,22.97,22.97,22.92,22.93,522500,11985531.0
2025-08-18 14:05:00,22.93,22.94,22.92,22.92,305500,7006993.0
2025-08-18 14:10:00,22.92,22.94,22.91,22.91,324100,7429304.0
2025-08-18 14:15:00,22.91,22.91,22.87,22.89,1075400,24620475.0
2025-08-18 14:20:00,22.9,22.9,22.85,22.87,402500,9206091.0
2025-08-18 14:25:00,22.87,22.93,22.86,22.93,412700,9449888.0
2025-08-18 14:30:00,22.93,22.94,22.91,22.92,318600,7304814.0
2025-08-18 14:35:00,22.92,22.94,22.92,22.94,281400,6452873.0
2025-08-18 14:40:00,22.93,22.97,22.92,22.95,377300,8657190.0
2025-08-18 14:45:00,22.95,22.96,22.94,22.95,300800,6904687.0
2025-08-18 14:50:00,22.96,22.96,22.92,22.94,649800,14903485.0
2025-08-18 14:55:00,22.94,22.99,22.92,22.96,1298600,29798229.0
2025-08-18 15:00:00,22.97,22.98,22.96,22.98,684400,15725691.0
2025-08-19 09:35:00,22.96,23.25,22.94,23.21,3100500,71751636.0
2025-08-19 09:40:00,23.22,23.45,23.22,23.33,4149300,96874297.0
2025-08-19 09:45:00,23.33,23.37,23.26,23.34,1852300,43207368.0
2025-08-19 09:50:00,23.34,23.35,23.3,23.32,906700,21147787.0
2025-08-19 09:55:00,23.32,23.35,23.24,23.31,868900,20235848.0
2025-08-19 10:00:00,23.31,23.35,23.3,23.3,674000,15721841.0
2025-08-19 10:05:00,23.31,23.31,23.19,23.24,949800,22073617.0
2025-08-19 10:10:00,23.24,23.25,23.18,23.25,856600,19885228.0
2025-08-19 10:15:00,23.25,23.26,23.23,23.24,469700,10919231.0
2025-08-19 10:20:00,23.24,23.24,23.21,23.22,352700,8191257.0
2025-08-19 10:25:00,23.22,23.27,23.22,23.27,425400,9888376.0
2025-08-19 10:30:00,23.27,23.38,23.27,23.37,1155700,26968561.0
2025-08-19 10:35:00,23.36,23.36,23.28,23.34,634400,14797536.0
2025-08-19 10:40:00,23.35,23.4,23.33,23.39,1257300,29392741.0
2025-08-19 10:45:00,23.38,23.42,23.35,23.41,1052200,24602934.0
2025-08-19 10:50:00,23.41,23.41,23.34,23.36,714900,16719818.0
2025-08-19 10:55:00,23.37,23.38,23.31,23.33,504600,11778299.0
2025-08-19 11:00:00,23.33,23.33,23.26,23.26,370800,8637413.0
2025-08-19 11:05:00,23.25,23.29,23.25,23.29,383100,8914590.0
2025-08-19 11:10:00,23.29,23.29,23.24,23.28,321800,7487903.0
2025-08-19 11:15:00,23.28,23.31,23.26,23.3,296900,6913770.0
2025-08-19 11:20:00,23.31,23.31,23.25,23.26,261700,6092336.0
2025-08-19 11:25:00,23.25,23.29,23.25,23.25,308000,7163932.0
2025-08-19 11:30:00,23.25,23.27,23.22,23.24,358100,8321643.0
2025-08-19 13:05:00,23.27,23.28,23.23,23.27,401800,9342986.0
2025-08-19 13:10:00,23.27,23.28,23.22,23.24,557800,12961431.0
2025-08-19 13:15:00,23.23,23.25,23.21,23.23,307000,7132288.0
2025-08-19 13:20:00,23.24,23.25,23.2,23.21,418900,9725910.0
2025-08-19 13:25:00,23.2,23.22,23.2,23.21,264200,6132438.0
2025-08-19 13:30:00,23.21,23.23,23.2,23.21,243100,5642648.0
2025-08-19 13:35:00,23.21,23.22,23.12,23.12,709200,16433536.0
2025-08-19 13:40:00,23.13,23.14,23.1,23.13,720500,16651649.0
2025-08-19 13:45:00,23.13,23.14,23.11,23.13,347000,8025428.0
2025-08-19 13:50:00,23.14,23.15,23.11,23.13,497600,11507035.0
2025-08-19 13:55:00,23.13,23.13,23.05,23.09,1422100,32816118.0
2025-08-19 14:00:00,23.08,23.1,23.05,23.06,518700,11962704.0
2025-08-19 14:05:00,23.06,23.17,23.06,23.16,386200,8928650.0
2025-08-19 14:10:00,23.17,23.18,23.14,23.14,458100,10609174.0
2025-08-19 14:15:00,23.15,23.15,23.1,23.13,304000,7031836.0
2025-08-19 14:20:00,23.13,23.14,23.09,23.09,236800,5473689.0
2025-08-19 14:25:00,23.09,23.12,23.07,23.09,296000,6835889.0
2025-08-19 14:30:00,23.09,23.1,23.06,23.09,801500,18499024.0
2025-08-19 14:35:00,23.09,23.13,23.09,23.11,276300,6385130.0
2025-08-19 14:40:00,23.11,23.15,23.11,23.12,169600,3924033.0
2025-08-19 14:45:00,23.12,23.14,23.1,23.14,455800,10538083.0
2025-08-19 14:50:00,23.13,23.17,23.13,23.14,565500,13093986.0
2025-08-19 14:55:00,23.13,23.16,23.13,23.14,588900,13629418.0
2025-08-19 15:00:00,23.15,23.15,23.14,23.15,687800,15921200.0
2025-08-20 09:35:00,23.1,23.12,22.91,23.03,1603100,36900195.0
2025-08-20 09:40:00,23.04,23.13,23.02,23.08,857600,19797564.0
2025-08-20 09:45:00,23.08,23.2,23.06,23.19,702300,16250628.0
2025-08-20 09:50:00,23.18,23.22,23.16,23.17,648900,15051716.0
2025-08-20 09:55:00,23.17,23.33,23.17,23.27,917400,21330021.0
2025-08-20 10:00:00,23.28,23.35,23.26,23.32,684300,15946109.0
2025-08-20 10:05:00,23.32,23.4,23.31,23.35,1220900,28511245.0
2025-08-20 10:10:00,23.38,23.42,23.32,23.35,1157700,27062204.0
2025-08-20 10:15:00,23.35,23.38,23.33,23.36,595300,13900923.0
2025-08-20 10:20:00,23.35,23.4,23.33,23.38,794300,18568842.0
2025-08-20 10:25:00,23.38,23.44,23.37,23.43,1133600,26534832.0
2025-08-20 10:30:00,23.44,23.59,23.4,23.5,3275800,76992903.0
2025-08-20 10:35:00,23.5,23.5,23.46,23.46,562700,13209422.0
2025-08-20 10:40:00,23.45,23.5,23.45,23.48,622000,14598206.0
2025-08-20 10:45:00,23.49,23.5,23.45,23.46,511000,11996285.0
2025-08-20 10:50:00,23.46,23.46,23.42,23.45,339900,7968908.0
2025-08-20 10:55:00,23.45,23.47,23.39,23.39,1090100,25550912.0
2025-08-20 11:00:00,23.39,23.41,23.36,23.36,273800,6399863.0
2025-08-20 11:05:00,23.37,23.38,23.34,23.35,462100,10794096.0
2025-08-20 11:10:00,23.37,23.4,23.36,23.38,259500,6068481.0
2025-08-20 11:15:00,23.41,23.43,23.4,23.42,397300,9303698.0
2025-08-20 11:20:00,23.42,23.42,23.32,23.33,584600,13654674.0
2025-08-20 11:25:00,23.34,23.35,23.29,23.29,328300,7654767.0
2025-08-20 11:30:00,23.29,23.3,23.24,23.28,576200,13402250.0
2025-08-20 13:05:00,23.29,23.33,23.29,23.3,302100,7040660.0
2025-08-20 13:10:00,23.31,23.33,23.26,23.3,512100,11936703.0
2025-08-20 13:15:00,23.31,23.37,23.31,23.36,346600,8094989.0
2025-08-20 13:20:00,23.37,23.39,23.35,23.37,363500,8494233.0
2025-08-20 13:25:00,23.37,23.38,23.36,23.37,294000,6871253.0
2025-08-20 13:30:00,23.38,23.4,23.35,23.39,369400,8633794.0
2025-08-20 13:35:00,23.4,23.4,23.38,23.39,228600,5346949.0
2025-08-20 13:40:00,23.38,23.42,23.38,23.41,434500,10167316.0
2025-08-20 13:45:00,23.42,23.44,23.41,23.41,401000,9392873.0
2025-08-20 13:50:00,23.43,23.45,23.4,23.45,290100,6795472.0
2025-08-20 13:55:00,23.45,23.46,23.43,23.45,369100,8655067.0
2025-08-20 14:00:00,23.45,23.46,23.42,23.44,323400,7581132.0
2025-08-20 14:05:00,23.44,23.46,23.43,23.46,410400,9622976.0
2025-08-20 14:10:00,23.45,23.49,23.44,23.47,637800,14967763.0
2025-08-20 14:15:00,23.48,23.57,23.47,23.56,1386500,32621100.0
2025-08-20 14:20:00,23.55,23.55,23.52,23.52,467100,10993018.0
2025-08-20 14:25:00,23.51,23.53,23.5,23.53,338000,7947825.0
2025-08-20 14:30:00,23.53,23.54,23.51,23.53,305900,7194315.0
2025-08-20 14:35:00,23.52,23.54,23.51,23.51,317800,7475642.0
2025-08-20 14:40:00,23.51,23.53,23.48,23.53,711600,16729422.0
2025-08-20 14:45:00,23.53,23.58,23.53,23.57,1409800,33220453.0
2025-08-20 14:50:00,23.57,23.59,23.56,23.57,1124000,26498398.0
2025-08-20 14:55:00,23.56,23.59,23.55,23.58,621700,14655363.0
2025-08-20 15:00:00,23.58,23.59,23.56,23.59,1013400,23902692.0
2025-08-21 09:35:00,23.61,23.77,23.61,23.74,2509400,59474134.0
2025-08-21 09:40:00,23.74,23.82,23.73,23.75,2462100,58542777.0
2025-08-21 09:45:00,23.74,23.76,23.64,23.66,1438800,34120736.0
2025-08-21 09:50:00,23.66,23.7,23.58,23.58,978300,23129480.0
2025-08-21 09:55:00,23.58,23.66,23.53,23.63,1256400,29649079.0
2025-08-21 10:00:00,23.63,23.67,23.62,23.62,683400,16156692.0
2025-08-21 10:05:00,23.63,23.7,23.62,23.65,849100,20089465.0
2025-08-21 10:10:00,23.64,23.76,23.64,23.73,1004700,23833328.0
2025-08-21 10:15:00,23.73,23.74,23.67,23.68,245000,5805833.0
2025-08-21 10:20:00,23.68,23.76,23.66,23.76,580300,13756484.0
2025-08-21 10:25:00,23.76,23.93,23.76,23.89,1955200,46595939.0
2025-08-21 10:30:00,23.88,23.94,23.85,23.94,1527100,36488431.0
2025-08-21 10:35:00,23.94,24.06,23.91,24.03,2856400,68521026.0
2025-08-21 10:40:00,24.02,24.12,23.99,24.08,2331000,56091882.0
2025-08-21 10:45:00,24.08,24.1,24.0,24.01,1058800,25475150.0
2025-08-21 10:50:00,24.01,24.07,24.0,24.04,638000,15332758.0
2025-08-21 10:55:00,24.03,24.09,24.03,24.05,674400,16228722.0
2025-08-21 11:00:00,24.06,24.06,24.0,24.02,408900,9822431.0
2025-08-21 11:05:00,24.02,24.04,24.0,24.0,336000,8072926.0
2025-08-21 11:10:00,24.0,24.01,23.93,23.95,523400,12546349.0
2025-08-21 11:15:00,23.95,24.0,23.95,23.96,347200,8325484.0
2025-08-21 11:20:00,23.96,24.0,23.94,23.94,316100,7573599.0
2025-08-21 11:25:00,23.95,23.95,23.89,23.95,573600,13716546.0
2025-08-21 11:30:00,23.96,24.01,23.95,24.01,263800,6326730.0
2025-08-21 13:05:00,24.02,24.04,23.93,23.99,867500,20818855.0
2025-08-21 13:10:00,24.0,24.1,23.97,24.1,637500,15339686.0
2025-08-21 13:15:00,24.1,24.2,24.07,24.17,1863800,44981763.0
2025-08-21 13:20:00,24.16,24.23,24.13,24.23,899100,21736850.0
2025-08-21 13:25:00,24.23,24.25,24.19,24.22,1263400,30608432.0
2025-08-21 13:30:00,24.2,24.21,24.11,24.15,527400,12738627.0
2025-08-21 13:35:00,24.15,24.15,24.08,24.12,635900,15335943.0
2025-08-21 13:40:00,24.11,24.14,24.09,24.12,431400,10403730.0
2025-08-21 13:45:00,24.13,24.22,24.12,24.22,796300,19248236.0
2025-08-21 13:50:00,24.2,24.31,24.2,24.25,2267800,55035353.0
2025-08-21 13:55:00,24.25,24.26,24.22,24.25,601300,14577105.0
2025-08-21 14:00:00,24.26,24.26,24.21,24.25,704000,17056178.0
2025-08-21 14:05:00,24.25,24.25,24.15,24.16,1637300,39625672.0
2025-08-21 14:10:00,24.15,24.23,24.15,24.22,488800,11825866.0
2025-08-21 14:15:00,24.2,24.22,24.17,24.17,622000,15052686.0
2025-08-21 14:20:00,24.18,24.19,24.15,24.18,558600,13500046.0
2025-08-21 14:25:00,24.2,24.2,24.09,24.12,686900,16582990.0
2025-08-21 14:30:00,24.11,24.13,24.07,24.13,729300,17573898.0
2025-08-21 14:35:00,24.13,24.15,24.06,24.06,617700,14897255.0
2025-08-21 14:40:00,24.06,24.09,24.01,24.04,1180200,28369567.0
2025-08-21 14:45:00,24.04,24.09,24.02,24.08,772000,18573213.0
2025-08-21 14:50:00,24.08,24.09,24.03,24.09,1091200,26253500.0
2025-08-21 14:55:00,24.07,24.13,24.07,24.12,618400,14905189.0
2025-08-21 15:00:00,24.12,24.14,24.12,24.13,652000,15732833.0
2025-08-22 09:35:00,24.15,24.36,24.13,24.18,3122900,75620504.0
2025-08-22 09:40:00,24.16,24.31,24.16,24.23,1438300,34887704.0
2025-08-22 09:45:00,24.23,24.23,24.07,24.15,1354200,32705853.0
2025-08-22 09:50:00,24.15,24.17,24.04,24.15,1833600,44150294.0
2025-08-22 09:55:00,24.13,24.13,24.06,24.06,1092100,26300763.0
2025-08-22 10:00:00,24.06,24.09,24.04,24.06,788000,18959155.0
2025-08-22 10:05:00,24.07,24.09,23.99,24.03,1523900,36607990.0
2025-08-22 10:10:00,24.02,24.06,23.96,23.97,926400,22244586.0
2025-08-22 10:15:00,23.97,24.02,23.96,24.02,643400,15428653.0
2025-08-22 10:20:00,24.0,24.0,23.97,24.0,536000,12854056.0
2025-08-22 10:25:00,24.01,24.01,23.92,23.97,770400,18456577.0
2025-08-22 10:30:00,23.96,23.96,23.91,23.91,814300,19499089.0
2025-08-22 10:35:00,23.92,23.97,23.92,23.96,588000,14080277.0
2025-08-22 10:40:00,23.96,23.98,23.92,23.94,477700,11440277.0
2025-08-22 10:45:00,23.94,23.99,23.93,23.98,633000,15159771.0
2025-08-22 10:50:00,23.98,24.03,23.96,24.0,499700,11994407.0
2025-08-22 10:55:00,23.99,24.07,23.99,24.04,390400,9383017.0
2025-08-22 11:00:00,24.05,24.05,24.0,24.0,345300,8295294.0
2025-08-22 11:05:00,24.0,24.02,23.97,23.98,319600,7669406.0
2025-08-22 11:10:00,23.98,24.05,23.98,24.04,291600,7005614.0
2025-08-22 11:15:00,24.03,24.08,24.02,24.08,496900,11949270.0
2025-08-22 11:20:00,24.08,24.1,24.05,24.07,366200,8816538.0
2025-08-22 11:25:00,24.07,24.08,24.06,24.07,278600,6705838.0
2025-08-22 11:30:00,24.06,24.11,24.03,24.1,395800,9524430.0
2025-08-22 13:05:00,24.11,24.11,24.02,24.07,501100,12064158.0
2025-08-22 13:10:00,24.06,24.08,24.03,24.05,678200,16314488.0
2025-08-22 13:15:00,24.05,24.08,24.02,24.05,362800,8728438.0
2025-08-22 13:20:00,24.04,24.06,24.0,24.01,447500,10746893.0
2025-08-22 13:25:00,24.01,24.01,23.97,23.99,365700,8773361.0
2025-08-22 13:30:00,24.0,24.03,24.0,24.02,263500,6325833.0
2025-08-22 13:35:00,24.03,24.06,24.01,24.06,415100,9978071.0
2025-08-22 13:40:00,24.05,24.08,24.03,24.07,217900,5241205.0
2025-08-22 13:45:00,24.07,24.08,24.05,24.07,305000,7338121.0
2025-08-22 13:50:00,24.06,24.07,24.01,24.03,500300,12021442.0
2025-08-22 13:55:00,24.05,24.07,24.02,24.04,265700,6390004.0
2025-08-22 14:00:00,24.03,24.06,24.01,24.04,615600,14792699.0
2025-08-22 14:05:00,24.05,24.06,24.04,24.05,256300,6164242.0
2025-08-22 14:10:00,24.04,24.08,24.04,24.06,427100,10276839.0
2025-08-22 14:15:00,24.06,24.06,24.03,24.03,363500,8739265.0
2025-08-22 14:20:00,24.03,24.06,24.02,24.04,251200,6038335.0
2025-08-22 14:25:00,24.04,24.05,24.01,24.05,557000,13381378.0
2025-08-22 14:30:00,24.04,24.06,24.03,24.05,422200,10150652.0
2025-08-22 14:35:00,24.06,24.09,24.03,24.09,788700,18972533.0
2025-08-22 14:40:00,24.09,24.09,24.04,24.06,683900,16456525.0
2025-08-22 14:45:00,24.06,24.07,24.03,24.06,665900,16015330.0
2025-08-22 14:50:00,24.06,24.08,24.05,24.06,747900,17996004.0
2025-08-22 14:55:00,24.06,24.1,24.06,24.09,1196600,28816540.0
2025-08-22 15:00:00,24.09,24.1,24.07,24.1,570000,13728788.0
2025-08-25 09:35:00,24.26,24.33,23.99,24.0,3106100,74976014.0
2025-08-25 09:40:00,24.0,24.07,23.97,24.04,2272800,54579768.0
2025-08-25 09:45:00,24.04,24.11,24.01,24.09,1724600,41473910.0
2025-08-25 09:50:00,24.07,24.09,24.02,24.07,1251200,30096667.0
2025-08-25 09:55:00,24.08,24.11,24.03,24.03,883100,21261580.0
2025-08-25 10:00:00,24.04,24.06,24.0,24.04,1192800,28653442.0
2025-08-25 10:05:00,24.06,24.19,24.05,24.16,1197700,28926537.0
2025-08-25 10:10:00,24.16,24.17,24.13,24.14,713500,17233111.0
2025-08-25 10:15:00,24.14,24.22,24.11,24.22,1114600,26929861.0
2025-08-25 10:20:00,24.22,24.31,24.2,24.3,1654200,40139953.0
2025-08-25 10:25:00,24.31,24.34,24.26,24.28,1045200,25403522.0
2025-08-25 10:30:00,24.29,24.35,24.25,24.27,780000,18944352.0
2025-08-25 10:35:00,24.27,24.3,24.21,24.26,1126700,27322378.0
2025-08-25 10:40:00,24.25,24.28,24.22,24.22,541400,13126754.0
2025-08-25 10:45:00,24.23,24.25,24.2,24.22,466400,11298133.0
2025-08-25 10:50:00,24.21,24.23,24.21,24.22,355800,8617516.0
2025-08-25 10:55:00,24.22,24.25,24.2,24.24,404500,9796682.0
2025-08-25 11:00:00,24.24,24.26,24.21,24.25,426300,10333430.0
2025-08-25 11:05:00,24.25,24.29,24.24,24.25,489600,11882783.0
2025-08-25 11:10:00,24.25,24.33,24.25,24.32,580400,14098185.0
2025-08-25 11:15:00,24.32,24.32,24.26,24.26,359900,8742945.0
2025-08-25 11:20:00,24.27,24.28,24.24,24.24,375200,9102586.0
2025-08-25 11:25:00,24.25,24.25,24.18,24.22,491400,11897141.0
2025-08-25 11:30:00,24.23,24.24,24.14,24.18,577200,13954549.0
2025-08-25 13:05:00,24.19,24.19,24.08,24.11,664900,16039818.0
2025-08-25 13:10:00,24.1,24.12,24.06,24.11,394100,9494526.0
2025-08-25 13:15:00,24.12,24.16,24.11,24.11,572000,13800177.0
2025-08-25 13:20:00,24.1,24.12,24.05,24.07,536600,12921972.0
2025-08-25 13:25:00,24.07,24.13,24.06,24.12,497500,11987303.0
2025-08-25 13:30:00,24.11,24.14,24.07,24.1,571900,13777993.0
2025-08-25 13:35:00,24.09,24.13,24.07,24.12,337100,8124960.0
2025-08-25 13:40:00,24.12,24.16,24.1,24.16,458400,11059925.0
2025-08-25 13:45:00,24.15,24.24,24.13,24.22,456100,11029670.0
2025-08-25 13:50:00,24.22,24.3,24.21,24.3,721800,17502261.0
2025-08-25 13:55:00,24.29,24.29,24.24,24.28,660700,16029037.0
2025-08-25 14:00:00,24.28,24.29,24.26,24.27,344800,8371791.0
2025-08-25 14:05:00,24.27,24.3,24.26,24.27,909500,22075119.0
2025-08-25 14:10:00,24.28,24.3,24.27,24.28,401300,9746075.0
2025-08-25 14:15:00,24.27,24.31,24.27,24.31,379000,9206085.0
2025-08-25 14:20:00,24.31,24.32,24.3,24.31,516100,12546069.0
2025-08-25 14:25:00,24.31,24.32,24.3,24.3,558600,13580152.0
2025-08-25 14:30:00,24.31,24.32,24.29,24.31,510300,12401811.0
2025-08-25 14:35:00,24.31,24.38,24.31,24.35,1337200,32553744.0
2025-08-25 14:40:00,24.35,24.4,24.35,24.4,771300,18807577.0
2025-08-25 14:45:00,24.4,24.4,24.36,24.36,628800,15329649.0
2025-08-25 14:50:00,24.37,24.4,24.36,24.4,885800,21601810.0
2025-08-25 14:55:00,24.4,24.43,24.38,24.42,815500,19904600.0
2025-08-25 15:00:00,24.42,24.45,24.42,24.45,653900,15980333.0
2025-08-26 09:35:00,24.4,24.72,24.35,24.68,3495200,85731073.0
2025-08-26 09:40:00,24.68,24.73,24.6,24.65,2149100,53006239.0
2025-08-26 09:45:00,24.64,24.71,24.58,24.69,1282400,31590232.0
2025-08-26 09:50:00,24.7,24.77,24.63,24.64,1472200,36365235.0
2025-08-26 09:55:00,24.63,24.69,24.6,24.68,752100,18536340.0
2025-08-26 10:00:00,24.68,24.78,24.66,24.77,778500,19243428.0
2025-08-26 10:05:00,24.78,24.97,24.78,24.96,2293900,57091673.0
2025-08-26 10:10:00,24.96,25.09,24.96,25.05,2858500,71560240.0
2025-08-26 10:15:00,25.06,25.08,25.0,25.03,1181000,29579593.0
2025-08-26 10:20:00,25.02,25.04,24.92,25.04,1303800,32575114.0
2025-08-26 10:25:00,25.0,25.03,24.96,24.99,840900,21013804.0
2025-08-26 10:30:00,24.99,25.0,24.95,24.97,620800,15505361.0
2025-08-26 10:35:00,24.96,24.96,24.88,24.92,733800,18280505.0
2025-08-26 10:40:00,24.92,24.96,24.9,24.95,315700,7871849.0
2025-08-26 10:45:00,24.95,24.98,24.93,24.98,624700,15592625.0
2025-08-26 10:50:00,24.98,25.05,24.98,25.04,742800,18585896.0
2025-08-26 10:55:00,25.04,25.06,25.0,25.02,401600,10053585.0
2025-08-26 11:00:00,25.01,25.14,25.0,25.14,1325700,33243172.0
2025-08-26 11:05:00,25.12,25.16,25.07,25.07,894300,22465885.0
2025-08-26 11:10:00,25.08,25.21,25.07,25.21,1253500,31542106.0
2025-08-26 11:15:00,25.2,25.25,25.18,25.25,1161200,29277512.0
2025-08-26 11:20:00,25.25,25.26,25.21,25.24,912500,23030184.0
2025-08-26 11:25:00,25.24,25.39,25.23,25.39,1504500,38060979.0
2025-08-26 11:30:00,25.39,25.39,25.3,25.35,787100,19956943.0
2025-08-26 13:05:00,25.35,25.35,25.21,25.23,907900,22961258.0
2025-08-26 13:10:00,25.25,25.25,25.15,25.16,455100,11459252.0
2025-08-26 13:15:00,25.15,25.17,25.14,25.15,461800,11617470.0
2025-08-26 13:20:00,25.15,25.15,25.09,25.09,869000,21823459.0
2025-08-26 13:25:00,25.1,25.13,25.08,25.11,426300,10703482.0
2025-08-26 13:30:00,25.11,25.17,25.11,25.16,509900,12826006.0
2025-08-26 13:35:00,25.16,25.17,25.13,25.13,350100,8802994.0
2025-08-26 13:40:00,25.14,25.15,25.12,25.15,384200,9658660.0
2025-08-26 13:45:00,25.15,25.23,25.14,25.19,690600,17390572.0
2025-08-26 13:50:00,25.19,25.21,25.15,25.16,356700,8982528.0
2025-08-26 13:55:00,25.16,25.18,25.15,25.15,311800,7845102.0
2025-08-26 14:00:00,25.15,25.18,25.15,25.17,303900,7648916.0
2025-08-26 14:05:00,25.16,25.17,25.15,25.17,360700,9076491.0
2025-08-26 14:10:00,25.16,25.19,25.16,25.19,337700,8501832.0
2025-08-26 14:15:00,25.18,25.18,25.12,25.14,393600,9896824.0
2025-08-26 14:20:00,25.15,25.16,25.13,25.14,230300,5791315.0
2025-08-26 14:25:00,25.13,25.14,25.05,25.06,617800,15502462.0
2025-08-26 14:30:00,25.09,25.12,25.08,25.12,656600,16481426.0
2025-08-26 14:35:00,25.11,25.14,25.11,25.13,675200,16968500.0
2025-08-26 14:40:00,25.14,25.14,25.1,25.1,639600,16066001.0
2025-08-26 14:45:00,25.1,25.11,25.05,25.05,946600,23739520.0
2025-08-26 14:50:00,25.05,25.05,24.95,24.96,1423800,35610988.0
2025-08-26 14:55:00,24.97,25.02,24.95,25.01,1537300,38408614.0
2025-08-26 15:00:00,25.02,25.03,25.0,25.0,1812800,45328065.0
2025-08-27 09:35:00,25.07,25.37,25.07,25.18,2983800,75189242.0
2025-08-27 09:40:00,25.18,25.18,25.02,25.08,1475800,37054198.0
2025-08-27 09:45:00,25.07,25.11,25.01,25.06,1066100,26713177.0
2025-08-27 09:50:00,25.07,25.1,24.94,25.0,1407400,35188027.0
2025-08-27 09:55:00,25.0,25.04,24.91,24.96,1235000,30846602.0
2025-08-27 10:00:00,24.96,24.97,24.89,24.9,1280100,31907063.0
2025-08-27 10:05:00,24.9,24.95,24.9,24.92,889700,22172671.0
2025-08-27 10:10:00,24.91,24.92,24.84,24.89,1404900,34965147.0
2025-08-27 10:15:00,24.89,24.96,24.88,24.93,700100,17444643.0
2025-08-27 10:20:00,24.93,24.96,24.88,24.9,746600,18605916.0
2025-08-27 10:25:00,24.9,24.92,24.88,24.89,515000,12820700.0
2025-08-27 10:30:00,24.88,24.92,24.87,24.88,601900,14986370.0
2025-08-27 10:35:00,24.88,24.89,24.82,24.84,793700,19717573.0
2025-08-27 10:40:00,24.84,24.93,24.84,24.93,494100,12287173.0
2025-08-27 10:45:00,24.92,24.96,24.88,24.88,462300,11517655.0
2025-08-27 10:50:00,24.89,24.94,24.89,24.91,292700,7294049.0
2025-08-27 10:55:00,24.91,24.92,24.9,24.9,267200,6656564.0
2025-08-27 11:00:00,24.9,24.93,24.89,24.92,304200,7576364.0
2025-08-27 11:05:00,24.92,24.95,24.92,24.93,181000,4513279.0
2025-08-27 11:10:00,24.93,24.93,24.88,24.88,325600,8110144.0
2025-08-27 11:15:00,24.88,24.92,24.88,24.88,407600,10144500.0
2025-08-27 11:20:00,24.88,24.93,24.88,24.91,256100,6378052.0
2025-08-27 11:25:00,24.91,24.94,24.88,24.93,412800,10280156.0
2025-08-27 11:30:00,24.92,24.99,24.91,24.94,642100,16031316.0
2025-08-27 13:05:00,24.97,25.02,24.9,25.01,813400,20291958.0
2025-08-27 13:10:00,25.03,25.04,24.9,24.91,534800,13342306.0
2025-08-27 13:15:00,24.92,24.93,24.88,24.91,946000,23553025.0
2025-08-27 13:20:00,24.93,24.93,24.88,24.89,429700,10697275.0
2025-08-27 13:25:00,24.89,24.92,24.89,24.9,340600,8481876.0
2025-08-27 13:30:00,24.9,24.95,24.9,24.9,417700,10410321.0
2025-08-27 13:35:00,24.9,24.92,24.82,24.84,939000,23355966.0
2025-08-27 13:40:00,24.85,24.85,24.81,24.81,708500,17585621.0
2025-08-27 13:45:00,24.81,24.86,24.81,24.85,488300,12128055.0
2025-08-27 13:50:00,24.85,24.87,24.81,24.83,983500,24421090.0
2025-08-27 13:55:00,24.84,24.85,24.78,24.79,1088300,27005149.0
2025-08-27 14:00:00,24.78,24.79,24.7,24.75,968200,23952341.0
2025-08-27 14:05:00,24.74,24.88,24.74,24.88,784500,19458535.0
2025-08-27 14:10:00,24.87,24.89,24.84,24.87,619700,15414898.0
2025-08-27 14:15:00,24.87,24.87,24.81,24.83,477600,11865789.0
2025-08-27 14:20:00,24.83,24.85,24.76,24.78,429300,10648556.0
2025-08-27 14:25:00,24.78,24.78,24.68,24.71,1350600,33385855.0
2025-08-27 14:30:00,24.71,24.72,24.66,24.66,780800,19276505.0
2025-08-27 14:35:00,24.66,24.75,24.6,24.74,1595600,39369686.0
2025-08-27 14:40:00,24.75,24.76,24.66,24.69,902600,22314338.0
2025-08-27 14:45:00,24.65,24.67,24.6,24.61,1098900,27058105.0
2025-08-27 14:50:00,24.62,24.63,24.52,24.59,1818700,44683656.0
2025-08-27 14:55:00,24.58,24.58,24.52,24.52,1296700,31838401.0
2025-08-27 15:00:00,24.52,24.53,24.5,24.52,1421200,34840720.0
2025-08-28 09:35:00,24.58,24.72,24.52,24.59,3015200,74211664.0
2025-08-28 09:40:00,24.59,24.65,24.57,24.6,1329700,32711348.0
2025-08-28 09:45:00,24.61,24.64,24.5,24.53,1496600,36746059.0
2025-08-28 09:50:00,24.51,24.57,24.51,24.54,1246300,30578445.0
2025-08-28 09:55:00,24.53,24.54,24.39,24.44,2027600,49589469.0
2025-08-28 10:00:00,24.42,24.43,24.31,24.36,2054600,50040041.0
2025-08-28 10:05:00,24.36,24.4,24.28,24.29,2293700,55807452.0
2025-08-28 10:10:00,24.29,24.37,24.23,24.34,2025900,49192353.0
2025-08-28 10:15:00,24.34,24.35,24.26,24.26,1299600,31586482.0
2025-08-28 10:20:00,24.28,24.31,24.25,24.3,1177800,28603475.0
2025-08-28 10:25:00,24.3,24.38,24.3,24.32,652900,15880364.0
2025-08-28 10:30:00,24.32,24.4,24.29,24.38,878800,21384490.0
2025-08-28 10:35:00,24.38,24.44,24.36,24.37,921800,22485542.0
2025-08-28 10:40:00,24.37,24.4,24.34,24.34,798000,19438926.0
2025-08-28 10:45:00,24.33,24.41,24.33,24.38,604400,14733650.0
2025-08-28 10:50:00,24.38,24.51,24.36,24.5,1465100,35813048.0
2025-08-28 10:55:00,24.5,24.51,24.38,24.38,687200,16797690.0
2025-08-28 11:00:00,24.39,24.4,24.32,24.35,605800,14759102.0
2025-08-28 11:05:00,24.34,24.36,24.3,24.3,966600,23506711.0
2025-08-28 11:10:00,24.3,24.32,24.29,24.31,480500,11678679.0
2025-08-28 11:15:00,24.3,24.36,24.29,24.34,442200,10753194.0
2025-08-28 11:20:00,24.33,24.35,24.21,24.26,860100,20864374.0
2025-08-28 11:25:00,24.25,24.26,24.15,24.17,915000,22151267.0
2025-08-28 11:30:00,24.16,24.24,24.14,24.24,1228000,29703712.0
2025-08-28 13:05:00,24.24,24.25,24.2,24.2,754700,18279931.0
2025-08-28 13:10:00,24.2,24.23,24.17,24.18,494400,11960639.0
2025-08-28 13:15:00,24.18,24.21,24.09,24.1,1100500,26568989.0
2025-08-28 13:20:00,24.1,24.15,24.07,24.08,814000,19626089.0
2025-08-28 13:25:00,24.08,24.08,24.0,24.01,1134200,27264120.0
2025-08-28 13:30:00,24.0,24.03,23.93,23.94,1626700,39008847.0
2025-08-28 13:35:00,23.95,23.99,23.85,23.88,1781200,42580579.0
2025-08-28 13:40:00,23.88,24.04,23.88,24.04,1190200,28516595.0
2025-08-28 13:45:00,24.04,24.06,23.97,24.03,1071400,25725606.0
2025-08-28 13:50:00,24.02,24.13,24.02,24.1,780200,18793813.0
2025-08-28 13:55:00,24.1,24.11,24.03,24.1,841000,20241606.0
2025-08-28 14:00:00,24.1,24.12,24.04,24.06,691300,16649732.0
2025-08-28 14:05:00,24.07,24.16,24.06,24.14,859700,20732736.0
2025-08-28 14:10:00,24.14,24.18,24.12,24.16,704300,17009902.0
2025-08-28 14:15:00,24.16,24.21,24.12,24.21,646500,15625409.0
2025-08-28 14:20:00,24.21,24.26,24.19,24.26,777500,18836035.0
2025-08-28 14:25:00,24.26,24.27,24.19,24.2,810400,19642114.0
2025-08-28 14:30:00,24.2,24.26,24.19,24.26,568500,13774627.0
2025-08-28 14:35:00,24.26,24.27,24.22,24.26,771200,18693861.0
2025-08-28 14:40:00,24.28,24.34,24.27,24.31,1186800,28854516.0
2025-08-28 14:45:00,24.3,24.4,24.3,24.38,935200,22779758.0
2025-08-28 14:50:00,24.39,24.47,24.39,24.47,1122800,27444087.0
2025-08-28 14:55:00,24.45,24.49,24.45,24.47,1652800,40446091.0
2025-08-28 15:00:00,24.48,24.49,24.46,24.46,737300,18039960.0
2025-08-29 09:35:00,24.62,25.0,24.61,25.0,3996200,99258312.0
2025-08-29 09:40:00,24.99,25.1,24.99,25.02,3653800,91468367.0
2025-08-29 09:45:00,25.03,25.14,24.93,24.99,2446500,61257541.0
2025-08-29 09:50:00,24.98,25.03,24.91,24.92,1460200,36455340.0
2025-08-29 09:55:00,24.92,25.0,24.9,24.92,1493700,37258037.0
2025-08-29 10:00:00,24.93,25.03,24.92,25.02,1354500,33835538.0
2025-08-29 10:05:00,25.02,25.14,25.02,25.03,2180800,54666086.0
2025-08-29 10:10:00,25.02,25.05,24.96,25.0,758400,18971957.0
2025-08-29 10:15:00,24.99,25.09,24.97,25.06,1634300,40946029.0
2025-08-29 10:20:00,25.06,25.08,24.95,25.0,807200,20188428.0
2025-08-29 10:25:00,24.97,25.02,24.97,24.98,587200,14673582.0
2025-08-29 10:30:00,24.97,25.0,24.97,24.98,615000,15365631.0
2025-08-29 10:35:00,24.98,24.98,24.9,24.9,744300,18561368.0
2025-08-29 10:40:00,24.9,24.91,24.87,24.88,548700,13652373.0
2025-08-29 10:45:00,24.87,24.92,24.87,24.9,445700,11095895.0
2025-08-29 10:50:00,24.91,24.93,24.88,24.91,532600,13265782.0
2025-08-29 10:55:00,24.9,24.92,24.85,24.87,752300,18707396.0
2025-08-29 11:00:00,24.86,24.87,24.8,24.82,608800,15116824.0
2025-08-29 11:05:00,24.82,24.9,24.81,24.88,768200,19084437.0
2025-08-29 11:10:00,24.88,24.94,24.86,24.87,479800,11949665.0
2025-08-29 11:15:00,24.86,24.91,24.86,24.9,402400,10014816.0
2025-08-29 11:20:00,24.9,24.91,24.85,24.9,551700,13725029.0
2025-08-29 11:25:00,24.9,24.97,24.9,24.97,561000,13987050.0
2025-08-29 11:30:00,24.96,24.98,24.94,24.95,581900,14522980.0
2025-08-29 13:05:00,24.94,24.98,24.89,24.92,768200,19154911.0
2025-08-29 13:10:00,24.92,24.96,24.91,24.95,406000,10126365.0
2025-08-29 13:15:00,24.95,24.97,24.94,24.96,278000,6936611.0
2025-08-29 13:20:00,24.95,24.96,24.89,24.89,450700,11235721.0
2025-08-29 13:25:00,24.89,24.92,24.86,24.87,459800,11447644.0
2025-08-29 13:30:00,24.86,24.89,24.8,24.8,640300,15906167.0
2025-08-29 13:35:00,24.8,24.84,24.79,24.81,748200,18564245.0
2025-08-29 13:40:00,24.81,24.84,24.77,24.78,546600,13554104.0
2025-08-29 13:45:00,24.78,24.82,24.74,24.74,1908300,47205117.0
2025-08-29 13:50:00,24.74,24.76,24.7,24.75,679600,16805141.0
2025-08-29 13:55:00,24.74,24.85,24.74,24.84,900900,22349469.0
2025-08-29 14:00:00,24.85,24.91,24.84,24.91,457600,11388030.0
2025-08-29 14:05:00,24.91,24.93,24.87,24.88,413900,10308926.0
2025-08-29 14:10:00,24.89,24.89,24.85,24.85,392000,9748379.0
2025-08-29 14:15:00,24.86,24.89,24.83,24.89,438000,10882651.0
2025-08-29 14:20:00,24.89,24.89,24.87,24.89,422300,10508371.0
2025-08-29 14:25:00,24.89,24.91,24.87,24.88,377800,9402506.0
2025-08-29 14:30:00,24.88,24.89,24.86,24.88,464000,11540482.0
2025-08-29 14:35:00,24.87,24.9,24.84,24.87,697400,17344395.0
2025-08-29 14:40:00,24.88,24.91,24.86,24.89,768700,19133951.0
2025-08-29 14:45:00,24.88,24.97,24.88,24.96,969800,24178700.0
2025-08-29 14:50:00,24.97,24.98,24.95,24.95,1096000,27364791.0
2025-08-29 14:55:00,24.94,24.96,24.91,24.92,844600,21064174.0
2025-08-29 15:00:00,24.92,24.92,24.88,24.9,1072700,26711604.0
2025-09-01 09:35:00,24.99,25.11,24.7,24.72,2693900,66950421.0
2025-09-01 09:40:00,24.7,24.79,24.61,24.65,1666400,41181582.0
2025-09-01 09:45:00,24.68,24.8,24.6,24.79,1313300,32388292.0
2025-09-01 09:50:00,24.8,24.88,24.77,24.86,1016800,25246627.0
2025-09-01 09:55:00,24.86,24.9,24.75,24.87,923100,22934674.0
2025-09-01 10:00:00,24.87,24.87,24.75,24.78,610500,15142625.0
2025-09-01 10:05:00,24.78,24.9,24.78,24.9,548400,13629079.0
2025-09-01 10:10:00,24.88,24.95,24.87,24.91,786200,19589220.0
2025-09-01 10:15:00,24.91,24.93,24.89,24.9,609800,15188440.0
2025-09-01 10:20:00,24.9,24.95,24.86,24.86,737400,18376745.0
2025-09-01 10:25:00,24.86,24.9,24.84,24.88,398900,9916314.0
2025-09-01 10:30:00,24.89,24.93,24.87,24.88,712800,17751797.0
2025-09-01 10:35:00,24.87,24.87,24.8,24.81,570400,14165037.0
2025-09-01 10:40:00,24.81,24.81,24.7,24.75,1134000,28059554.0
2025-09-01 10:45:00,24.74,24.79,24.71,24.73,896600,22184614.0
2025-09-01 10:50:00,24.73,24.8,24.73,24.78,723400,17919128.0
2025-09-01 10:55:00,24.77,24.8,24.74,24.74,470800,11661293.0
2025-09-01 11:00:00,24.74,24.75,24.68,24.69,652600,16123518.0
2025-09-01 11:05:00,24.69,24.7,24.65,24.68,769700,18993120.0
2025-09-01 11:10:00,24.68,24.72,24.68,24.7,504000,12448862.0
2025-09-01 11:15:00,24.7,24.72,24.68,24.72,519700,12835834.0
2025-09-01 11:20:00,24.72,24.74,24.7,24.72,439400,10860848.0
2025-09-01 11:25:00,24.72,24.73,24.7,24.7,670700,16576142.0
2025-09-01 11:30:00,24.7,24.71,24.54,24.61,1739800,42836034.0
2025-09-01 13:05:00,24.61,24.76,24.61,24.71,872600,21535089.0
2025-09-01 13:10:00,24.71,24.72,24.66,24.69,632700,15620363.0
2025-09-01 13:15:00,24.7,24.76,24.67,24.74,666700,16479015.0
2025-09-01 13:20:00,24.73,24.76,24.7,24.75,277000,6852504.0
2025-09-01 13:25:00,24.76,24.81,24.75,24.78,678800,16824331.0
2025-09-01 13:30:00,24.78,24.82,24.77,24.82,350700,8692136.0
2025-09-01 13:35:00,24.82,24.84,24.8,24.83,488500,12123698.0
2025-09-01 13:40:00,24.83,24.85,24.75,24.77,462500,11468027.0
2025-09-01 13:45:00,24.77,24.82,24.74,24.75,604200,14972757.0
2025-09-01 13:50:00,24.76,24.77,24.73,24.75,418500,10356052.0
2025-09-01 13:55:00,24.76,24.77,24.75,24.76,318300,7881154.0
2025-09-01 14:00:00,24.75,24.77,24.74,24.77,372500,9220109.0
2025-09-01 14:05:00,24.77,24.8,24.73,24.75,452000,11192392.0
2025-09-01 14:10:00,24.75,24.83,24.74,24.81,409600,10147078.0
2025-09-01 14:15:00,24.81,24.83,24.81,24.82,428500,10633482.0
2025-09-01 14:20:00,24.82,24.83,24.8,24.82,457700,11357300.0
2025-09-01 14:25:00,24.82,24.85,24.81,24.84,365100,9064159.0
2025-09-01 14:30:00,24.84,24.87,24.83,24.86,503500,12512403.0
2025-09-01 14:35:00,24.85,24.86,24.82,24.82,334200,8300775.0
2025-09-01 14:40:00,24.82,24.83,24.81,24.81,465100,11541401.0
2025-09-01 14:45:00,24.81,24.81,24.78,24.78,677900,16805012.0
2025-09-01 14:50:00,24.79,24.84,24.78,24.84,832000,20636686.0
2025-09-01 14:55:00,24.84,24.84,24.8,24.8,627000,15563223.0
2025-09-01 15:00:00,24.81,24.83,24.8,24.83,504600,12521853.0
2025-09-02 09:35:00,24.82,24.95,24.72,24.93,1863100,46331988.0
2025-09-02 09:40:00,24.93,24.96,24.86,24.89,1022600,25469223.0
2025-09-02 09:45:00,24.89,24.99,24.89,24.94,1391900,34726889.0
2025-09-02 09:50:00,24.94,25.01,24.83,24.99,1635700,40810256.0
2025-09-02 09:55:00,25.0,25.0,24.78,24.8,728300,18103020.0
2025-09-02 10:00:00,24.8,24.83,24.72,24.77,930300,23042185.0
2025-09-02 10:05:00,24.79,24.82,24.73,24.73,755300,18722853.0
2025-09-02 10:10:00,24.72,24.75,24.67,24.75,1014900,25068520.0
2025-09-02 10:15:00,24.75,24.79,24.7,24.7,671700,16623446.0
2025-09-02 10:20:00,24.69,24.7,24.62,24.66,969700,23894053.0
2025-09-02 10:25:00,24.66,24.75,24.65,24.73,459400,11352990.0
2025-09-02 10:30:00,24.72,24.76,24.69,24.71,586700,14512377.0
2025-09-02 10:35:00,24.71,24.72,24.65,24.66,437000,10782497.0
2025-09-02 10:40:00,24.67,24.67,24.6,24.63,818800,20171954.0
2025-09-02 10:45:00,24.63,24.63,24.55,24.55,708900,17427974.0
2025-09-02 10:50:00,24.56,24.59,24.54,24.54,604400,14842394.0
2025-09-02 10:55:00,24.54,24.57,24.5,24.55,961900,23588396.0
2025-09-02 11:00:00,24.54,24.55,24.39,24.42,2241500,54755422.0
2025-09-02 11:05:00,24.41,24.45,24.35,24.44,1371900,33460705.0
2025-09-02 11:10:00,24.44,24.48,24.41,24.42,721000,17628883.0
2025-09-02 11:15:00,24.42,24.44,24.37,24.38,542900,13250059.0
2025-09-02 11:20:00,24.36,24.37,24.28,24.31,1195100,29064796.0
2025-09-02 11:25:00,24.31,24.53,24.31,24.52,441000,10779132.0
2025-09-02 11:30:00,24.52,24.52,24.42,24.42,311300,7617417.0
2025-09-02 13:05:00,24.42,24.45,24.34,24.45,627500,15305549.0
2025-09-02 13:10:00,24.44,24.48,24.38,24.39,398000,9724716.0
2025-09-02 13:15:00,24.39,24.4,24.23,24.29,733400,17826951.0
2025-09-02 13:20:00,24.26,24.28,24.21,24.22,797200,19326731.0
2025-09-02 13:25:00,24.22,24.29,24.22,24.26,509700,12366465.0
2025-09-02 13:30:00,24.25,24.31,24.21,24.3,571200,13854898.0
2025-09-02 13:35:00,24.3,24.37,24.29,24.37,473900,11528966.0
2025-09-02 13:40:00,24.36,24.46,24.36,24.45,547800,13371134.0
2025-09-02 13:45:00,24.45,24.5,24.44,24.48,528000,12924113.0
2025-09-02 13:50:00,24.48,24.54,24.48,24.51,744300,18240400.0
2025-09-02 13:55:00,24.5,24.5,24.44,24.47,484400,11853512.0
2025-09-02 14:00:00,24.47,24.51,24.46,24.5,356400,8727899.0
2025-09-02 14:05:00,24.5,24.57,24.47,24.52,573000,14052665.0
2025-09-02 14:10:00,24.51,24.51,24.42,24.42,519200,12694923.0
2025-09-02 14:15:00,24.45,24.47,24.42,24.44,309900,7574666.0
2025-09-02 14:20:00,24.44,24.45,24.38,24.38,399300,9740120.0
2025-09-02 14:25:00,24.38,24.44,24.38,24.44,270900,6614189.0
2025-09-02 14:30:00,24.43,24.45,24.39,24.4,298400,7286500.0
2025-09-02 14:35:00,24.39,24.48,24.39,24.43,453600,11088821.0
2025-09-02 14:40:00,24.43,24.43,24.4,24.41,324100,7911082.0
2025-09-02 14:45:00,24.4,24.41,24.34,24.36,503800,12276173.0
2025-09-02 14:50:00,24.36,24.44,24.35,24.42,485700,11847407.0
2025-09-02 14:55:00,24.43,24.48,24.42,24.46,619600,15149356.0
2025-09-02 15:00:00,24.45,24.48,24.44,24.48,519400,12707470.0
2025-09-03 09:35:00,24.5,24.67,24.33,24.55,1914100,47044434.0
2025-09-03 09:40:00,24.55,24.6,24.35,24.4,671900,16420663.0
2025-09-03 09:45:00,24.39,24.42,24.31,24.32,607200,14796352.0
2025-09-03 09:50:00,24.32,24.43,24.28,24.36,700800,17061139.0
2025-09-03 09:55:00,24.36,24.45,24.35,24.44,436500,10652915.0
2025-09-03 10:00:00,24.44,24.48,24.4,24.4,424300,10367539.0
2025-09-03 10:05:00,24.4,24.43,24.33,24.37,547000,13332477.0
2025-09-03 10:10:00,24.37,24.38,24.31,24.31,420900,10246190.0
2025-09-03 10:15:00,24.31,24.33,24.28,24.28,626500,15229157.0
2025-09-03 10:20:00,24.29,24.3,24.26,24.28,446400,10839791.0
2025-09-03 10:25:00,24.28,24.31,24.27,24.28,256600,6232484.0
2025-09-03 10:30:00,24.28,24.29,24.12,24.14,1199500,29019803.0
2025-09-03 10:35:00,24.13,24.21,24.08,24.09,1549500,37415985.0
2025-09-03 10:40:00,24.09,24.22,24.09,24.19,992800,23953512.0
2025-09-03 10:45:00,24.22,24.3,24.2,24.28,676600,16411538.0
2025-09-03 10:50:00,24.28,24.36,24.28,24.36,885600,21531583.0
2025-09-03 10:55:00,24.36,24.36,24.28,24.29,503500,12243958.0
2025-09-03 11:00:00,24.28,24.28,24.25,24.26,227200,5513984.0
2025-09-03 11:05:00,24.26,24.27,24.16,24.19,512900,12422623.0
2025-09-03 11:10:00,24.18,24.25,24.17,24.2,310000,7497976.0
2025-09-03 11:15:00,24.2,24.2,24.13,24.16,311400,7523368.0
2025-09-03 11:20:00,24.15,24.19,24.12,24.18,414400,10007650.0
2025-09-03 11:25:00,24.18,24.18,24.1,24.12,781100,18843343.0
2025-09-03 11:30:00,24.12,24.13,24.04,24.06,582000,14017265.0
2025-09-03 13:05:00,24.05,24.19,24.05,24.1,523300,12620193.0
2025-09-03 13:10:00,24.09,24.12,24.05,24.1,323400,7788424.0
2025-09-03 13:15:00,24.1,24.14,24.08,24.13,227900,5495616.0
2025-09-03 13:20:00,24.14,24.16,24.1,24.12,306200,7390206.0
2025-09-03 13:25:00,24.11,24.18,24.1,24.16,352500,8506354.0
2025-09-03 13:30:00,24.18,24.18,24.06,24.11,706600,17026158.0
2025-09-03 13:35:00,24.11,24.12,24.05,24.06,355200,8554978.0
2025-09-03 13:40:00,24.06,24.07,24.0,24.0,729200,17519952.0
2025-09-03 13:45:00,24.0,24.09,23.98,24.01,864600,20768615.0
2025-09-03 13:50:00,24.01,24.01,23.93,23.95,1184600,28376636.0
2025-09-03 13:55:00,23.96,24.05,23.96,24.04,404600,9704665.0
2025-09-03 14:00:00,24.05,24.05,23.99,24.04,474100,11387409.0
2025-09-03 14:05:00,24.05,24.11,24.04,24.08,554900,13362033.0
2025-09-03 14:10:00,24.09,24.13,24.08,24.12,404200,9744498.0
2025-09-03 14:15:00,24.13,24.16,24.1,24.13,432200,10430677.0
2025-09-03 14:20:00,24.15,24.15,24.06,24.06,450400,10854103.0
2025-09-03 14:25:00,24.06,24.12,24.06,24.09,275100,6627104.0
2025-09-03 14:30:00,24.1,24.11,24.06,24.09,364100,8769274.0
2025-09-03 14:35:00,24.1,24.19,24.1,24.19,561800,13563450.0
2025-09-03 14:40:00,24.19,24.19,24.13,24.13,542300,13099570.0
2025-09-03 14:45:00,24.12,24.14,24.09,24.09,472800,11400220.0
2025-09-03 14:50:00,24.1,24.13,24.04,24.05,544400,13109700.0
2025-09-03 14:55:00,24.04,24.15,24.04,24.14,953700,22984230.0
2025-09-03 15:00:00,24.15,24.19,24.13,24.19,759100,18347030.0
2025-09-04 09:35:00,24.2,24.2,23.98,24.05,1456900,35084359.0
2025-09-04 09:40:00,24.01,24.01,23.87,23.89,1592700,38149813.0
2025-09-04 09:45:00,23.9,24.0,23.89,23.93,1208400,28921689.0
2025-09-04 09:50:00,23.93,23.95,23.84,23.88,1000700,23909210.0
2025-09-04 09:55:00,23.89,23.9,23.83,23.85,826500,19719357.0
2025-09-04 10:00:00,23.84,23.92,23.82,23.82,852600,20347635.0
2025-09-04 10:05:00,23.82,23.83,23.77,23.81,1162900,27683525.0
2025-09-04 10:10:00,23.79,23.79,23.71,23.72,1346800,31982805.0
2025-09-04 10:15:00,23.71,23.77,23.67,23.75,1298900,30791215.0
2025-09-04 10:20:00,23.75,23.83,23.75,23.83,496900,11823609.0
2025-09-04 10:25:00,23.82,23.85,23.78,23.79,1329500,31681151.0
2025-09-04 10:30:00,23.8,23.84,23.76,23.76,318200,7574025.0
2025-09-04 10:35:00,23.76,23.76,23.7,23.71,620700,14728155.0
2025-09-04 10:40:00,23.7,23.71,23.61,23.62,958600,22682961.0
2025-09-04 10:45:00,23.62,23.68,23.61,23.62,1456500,34457492.0
2025-09-04 10:50:00,23.63,23.65,23.56,23.57,649600,15335893.0
2025-09-04 10:55:00,23.56,23.56,23.47,23.54,1377100,32384040.0
2025-09-04 11:00:00,23.54,23.6,23.54,23.56,726800,17124380.0
2025-09-04 11:05:00,23.56,23.65,23.56,23.61,566200,13362659.0
2025-09-04 11:10:00,23.64,23.64,23.55,23.56,652100,15399109.0
2025-09-04 11:15:00,23.56,23.6,23.52,23.57,491700,11585694.0
2025-09-04 11:20:00,23.58,23.6,23.52,23.53,428500,10089623.0
2025-09-04 11:25:00,23.53,23.59,23.52,23.54,385800,9084882.0
2025-09-04 11:30:00,23.54,23.55,23.45,23.5,785400,18450046.0
2025-09-04 13:05:00,23.5,23.53,23.45,23.46,625300,14692913.0
2025-09-04 13:10:00,23.46,23.56,23.42,23.56,542000,12723337.0
2025-09-04 13:15:00,23.56,23.62,23.54,23.62,459100,10827720.0
2025-09-04 13:20:00,23.61,23.66,23.6,23.63,646400,15273199.0
2025-09-04 13:25:00,23.62,23.64,23.6,23.6,293700,6937654.0
2025-09-04 13:30:00,23.6,23.66,23.58,23.61,369000,8717097.0
2025-09-04 13:35:00,23.6,23.62,23.54,23.55,353900,8340463.0
2025-09-04 13:40:00,23.55,23.55,23.51,23.52,311900,7340685.0
2025-09-04 13:45:00,23.53,23.53,23.49,23.52,444300,10445840.0
2025-09-04 13:50:00,23.53,23.55,23.5,23.51,311000,7319808.0
2025-09-04 13:55:00,23.52,23.6,23.51,23.58,381400,8982836.0
2025-09-04 14:00:00,23.58,23.65,23.58,23.59,430000,10152670.0
2025-09-04 14:05:00,23.59,23.59,23.52,23.52,244700,5763966.0
2025-09-04 14:10:00,23.51,23.53,23.5,23.51,392500,9229828.0
2025-09-04 14:15:00,23.52,23.52,23.44,23.45,608700,14285863.0
2025-09-04 14:20:00,23.46,23.5,23.44,23.44,798700,18731856.0
2025-09-04 14:25:00,23.44,23.46,23.41,23.42,546400,12804625.0
2025-09-04 14:30:00,23.42,23.47,23.35,23.44,1247900,29210155.0
2025-09-04 14:35:00,23.45,23.45,23.33,23.34,794900,18578264.0
2025-09-04 14:40:00,23.33,23.39,23.29,23.37,975700,22751937.0
2025-09-04 14:45:00,23.37,23.54,23.37,23.54,776700,18213775.0
2025-09-04 14:50:00,23.53,23.58,23.47,23.57,876500,20616086.0
2025-09-04 14:55:00,23.57,23.57,23.51,23.52,406700,9572312.0
2025-09-04 15:00:00,23.51,23.55,23.5,23.55,680700,16019995.0
2025-09-05 09:35:00,23.55,23.73,23.53,23.68,1672700,39543107.0
2025-09-05 09:40:00,23.68,23.76,23.65,23.72,1315300,31192130.0
2025-09-05 09:45:00,23.72,23.77,23.69,23.74,820600,19469266.0
2025-09-05 09:50:00,23.75,23.81,23.74,23.79,1033000,24558584.0
2025-09-05 09:55:00,23.79,23.92,23.79,23.91,1404300,33517232.0
2025-09-05 10:00:00,23.91,23.97,23.86,23.97,902000,21569070.0
2025-09-05 10:05:00,23.97,23.98,23.88,23.92,669000,16005567.0
2025-09-05 10:10:00,23.93,23.95,23.89,23.9,529600,12671754.0
2025-09-05 10:15:00,23.93,23.95,23.91,23.94,541800,12965184.0
2025-09-05 10:20:00,23.93,23.97,23.92,23.97,437300,10471015.0
2025-09-05 10:25:00,23.97,24.05,23.96,24.04,971900,23324715.0
2025-09-05 10:30:00,24.03,24.07,24.0,24.05,522300,12554109.0
2025-09-05 10:35:00,24.06,24.06,24.01,24.06,458000,11008600.0
2025-09-05 10:40:00,24.06,24.06,23.97,24.0,644100,15460689.0
2025-09-05 10:45:00,23.99,24.03,23.99,24.02,291100,6989673.0
2025-09-05 10:50:00,24.02,24.05,24.02,24.04,339800,8168916.0
2025-09-05 10:55:00,24.04,24.05,24.01,24.01,350500,8421545.0
2025-09-05 11:00:00,24.02,24.02,23.95,23.95,441700,10592026.0
2025-09-05 11:05:00,23.95,23.97,23.9,23.96,335600,8031652.0
2025-09-05 11:10:00,23.96,24.02,23.94,23.97,407400,9775398.0
2025-09-05 11:15:00,23.99,24.0,23.96,23.98,201800,4839136.0
2025-09-05 11:20:00,23.98,23.98,23.91,23.91,201000,4810234.0
2025-09-05 11:25:00,23.91,23.95,23.91,23.92,281000,6724257.0
2025-09-05 11:30:00,23.91,23.94,23.9,23.94,163100,3899006.0
2025-09-05 13:05:00,23.95,23.95,23.89,23.89,471700,11281180.0
2025-09-05 13:10:00,23.89,23.9,23.87,23.89,278900,6662505.0
2025-09-05 13:15:00,23.88,23.92,23.88,23.89,265900,6355307.0
2025-09-05 13:20:00,23.89,23.91,23.82,23.84,460600,10994315.0
2025-09-05 13:25:00,23.84,23.86,23.79,23.8,513700,12236344.0
2025-09-05 13:30:00,23.81,23.9,23.8,23.87,439400,10474835.0
2025-09-05 13:35:00,23.87,23.89,23.86,23.87,230600,5504867.0
2025-09-05 13:40:00,23.87,23.88,23.85,23.86,198600,4740639.0
2025-09-05 13:45:00,23.87,23.88,23.84,23.87,177700,4240525.0
2025-09-05 13:50:00,23.89,23.92,23.88,23.91,437200,10449732.0
2025-09-05 13:55:00,23.92,23.94,23.9,23.94,296600,7093561.0
2025-09-05 14:00:00,23.94,23.95,23.92,23.94,234100,5602984.0
2025-09-05 14:05:00,23.94,23.97,23.94,23.95,336900,8071759.0
2025-09-05 14:10:00,23.96,23.97,23.95,23.95,283500,6792425.0
2025-09-05 14:15:00,23.96,23.97,23.92,23.94,360300,8628859.0
2025-09-05 14:20:00,23.94,23.99,23.93,23.98,461600,11063315.0
2025-09-05 14:25:00,23.97,24.0,23.95,24.0,352200,8446220.0
2025-09-05 14:30:00,24.0,24.03,23.99,24.01,327000,7850432.0
2025-09-05 14:35:00,24.02,24.03,23.99,23.99,487500,11704385.0
2025-09-05 14:40:00,23.99,24.02,23.99,24.02,270900,6502598.0
2025-09-05 14:45:00,24.0,24.05,24.0,24.04,651000,15645025.0
2025-09-05 14:50:00,24.03,24.08,24.01,24.05,822500,19783962.0
2025-09-05 14:55:00,24.06,24.07,24.03,24.06,623400,14995092.0
2025-09-05 15:00:00,24.07,24.07,24.05,24.06,450500,10838870.0
2025-09-08 09:35:00,24.1,24.3,24.03,24.29,2645600,63927886.0
2025-09-08 09:40:00,24.3,24.32,24.22,24.29,820400,19904768.0
2025-09-08 09:45:00,24.29,24.42,24.25,24.39,1460000,35552102.0
2025-09-08 09:50:00,24.4,24.45,24.33,24.33,941000,22976338.0
2025-09-08 09:55:00,24.33,24.48,24.33,24.46,1043100,25483444.0
2025-09-08 10:00:00,24.45,24.59,24.42,24.58,1462300,35868021.0
2025-09-08 10:05:00,24.59,24.65,24.57,24.61,1498900,36876087.0
2025-09-08 10:10:00,24.62,24.75,24.59,24.73,1386400,34204098.0
2025-09-08 10:15:00,24.73,24.88,24.72,24.8,2104700,52180909.0
2025-09-08 10:20:00,24.8,24.83,24.76,24.8,1354400,33595215.0
2025-09-08 10:25:00,24.8,24.82,24.75,24.8,1363000,33791991.0
2025-09-08 10:30:00,24.78,24.85,24.78,24.84,808700,20077539.0
2025-09-08 10:35:00,24.82,24.84,24.73,24.82,754100,18698835.0
2025-09-08 10:40:00,24.81,24.82,24.73,24.79,644400,15967180.0
2025-09-08 10:45:00,24.78,24.84,24.73,24.74,589600,14611908.0
2025-09-08 10:50:00,24.75,24.78,24.72,24.73,542400,13422067.0
2025-09-08 10:55:00,24.72,24.81,24.72,24.77,641100,15878966.0
2025-09-08 11:00:00,24.77,24.8,24.77,24.8,367000,9096539.0
2025-09-08 11:05:00,24.8,24.84,24.78,24.83,597200,14817805.0
2025-09-08 11:10:00,24.83,24.85,24.81,24.83,583400,14491353.0
2025-09-08 11:15:00,24.82,24.85,24.79,24.8,514300,12761580.0
2025-09-08 11:20:00,24.8,24.85,24.8,24.85,282000,6999987.0
2025-09-08 11:25:00,24.85,24.9,24.83,24.89,1105200,27495518.0
2025-09-08 11:30:00,24.89,24.89,24.85,24.86,359500,8940596.0
2025-09-08 13:05:00,24.88,24.92,24.85,24.85,832100,20708364.0
2025-09-08 13:10:00,24.85,24.9,24.81,24.88,634700,15783226.0
2025-09-08 13:15:00,24.88,24.89,24.82,24.86,640400,15915421.0
2025-09-08 13:20:00,24.86,24.9,24.85,24.87,576600,14342345.0
2025-09-08 13:25:00,24.87,24.88,24.73,24.74,779500,19328429.0
2025-09-08 13:30:00,24.74,24.74,24.66,24.69,788200,19457603.0
2025-09-08 13:35:00,24.68,24.7,24.62,24.63,628300,15489080.0
2025-09-08 13:40:00,24.62,24.69,24.62,24.64,693300,17088737.0
2025-09-08 13:45:00,24.64,24.66,24.62,24.63,555100,13677344.0
2025-09-08 13:50:00,24.64,24.73,24.64,24.7,338100,8347335.0
2025-09-08 13:55:00,24.7,24.7,24.65,24.69,240500,5934336.0
2025-09-08 14:00:00,24.69,24.72,24.68,24.72,295200,7291872.0
2025-09-08 14:05:00,24.72,24.74,24.69,24.73,308700,7628012.0
2025-09-08 14:10:00,24.73,24.73,24.68,24.7,411300,10164006.0
2025-09-08 14:15:00,24.7,24.75,24.69,24.72,408600,10102179.0
2025-09-08 14:20:00,24.72,24.74,24.7,24.72,330200,8162820.0
2025-09-08 14:25:00,24.72,24.73,24.68,24.71,280700,6934720.0
2025-09-08 14:30:00,24.71,24.73,24.65,24.66,1012900,25014559.0
2025-09-08 14:35:00,24.66,24.72,24.66,24.71,419500,10361460.0
2025-09-08 14:40:00,24.7,24.71,24.67,24.68,607500,15002301.0
2025-09-08 14:45:00,24.69,24.7,24.66,24.66,690800,17053174.0
2025-09-08 14:50:00,24.66,24.68,24.65,24.67,706000,17412469.0
2025-09-08 14:55:00,24.67,24.68,24.63,24.68,529000,13042082.0
2025-09-08 15:00:00,24.68,24.69,24.66,24.69,983100,24267577.0
2025-09-09 09:35:00,24.85,25.15,24.67,24.85,2703400,67383011.0
2025-09-09 09:40:00,24.87,24.9,24.79,24.8,1588200,39435536.0
2025-09-09 09:45:00,24.8,24.85,24.7,24.75,1117900,27683505.0
2025-09-09 09:50:00,24.77,24.83,24.73,24.8,746400,18489669.0
2025-09-09 09:55:00,24.79,24.83,24.75,24.76,613900,15216576.0
2025-09-09 10:00:00,24.77,24.84,24.74,24.78,775800,19227566.0
2025-09-09 10:05:00,24.79,24.8,24.71,24.71,804000,19902849.0
2025-09-09 10:10:00,24.71,24.74,24.69,24.72,380900,9411151.0
2025-09-09 10:15:00,24.71,24.8,24.7,24.78,302500,7488987.0
2025-09-09 10:20:00,24.77,24.8,24.73,24.74,454800,11257673.0
2025-09-09 10:25:00,24.74,24.78,24.72,24.77,280800,6948959.0
2025-09-09 10:30:00,24.78,24.8,24.77,24.79,198300,4915096.0
2025-09-09 10:35:00,24.8,24.8,24.76,24.79,338900,8399170.0
2025-09-09 10:40:00,24.79,24.87,24.79,24.87,501900,12458794.0
2025-09-09 10:45:00,24.86,24.88,24.81,24.87,463000,11509246.0
2025-09-09 10:50:00,24.88,24.92,24.86,24.89,411100,10231851.0
2025-09-09 10:55:00,24.9,24.92,24.8,24.8,515500,12817855.0
2025-09-09 11:00:00,24.81,24.85,24.8,24.83,242700,6024911.0
2025-09-09 11:05:00,24.81,24.82,24.72,24.72,274500,6798783.0
2025-09-09 11:10:00,24.73,24.74,24.67,24.67,547600,13527891.0
2025-09-09 11:15:00,24.67,24.69,24.64,24.66,494100,12187736.0
2025-09-09 11:20:00,24.66,24.69,24.63,24.64,335600,8275746.0
2025-09-09 11:25:00,24.63,24.67,24.6,24.62,658200,16201926.0
2025-09-09 11:30:00,24.62,24.64,24.58,24.63,508800,12517228.0
2025-09-09 13:05:00,24.6,24.64,24.54,24.55,697100,17130332.0
2025-09-09 13:10:00,24.55,24.61,24.55,24.56,241600,5936791.0
2025-09-09 13:15:00,24.56,24.57,24.52,24.56,256500,6295701.0
2025-09-09 13:20:00,24.56,24.58,24.48,24.51,820000,20097068.0
2025-09-09 13:25:00,24.52,24.53,24.49,24.49,402600,9865989.0
2025-09-09 13:30:00,24.49,24.52,24.47,24.52,422300,10343400.0
2025-09-09 13:35:00,24.52,24.53,24.41,24.46,480300,11749367.0
2025-09-09 13:40:00,24.45,24.47,24.43,24.44,358300,8756635.0
2025-09-09 13:45:00,24.44,24.47,24.42,24.45,256300,6264865.0
2025-09-09 13:50:00,24.44,24.46,24.4,24.45,453300,11073548.0
2025-09-09 13:55:00,24.45,24.6,24.45,24.6,280900,6888624.0
2025-09-09 14:00:00,24.61,24.64,24.54,24.55,643800,15845233.0
2025-09-09 14:05:00,24.55,24.57,24.5,24.56,332000,8142639.0
2025-09-09 14:10:00,24.56,24.63,24.55,24.56,339900,8359686.0
2025-09-09 14:15:00,24.56,24.66,24.56,24.64,201000,4947428.0
2025-09-09 14:20:00,24.64,24.65,24.62,24.64,243400,5996236.0
2025-09-09 14:25:00,24.64,24.64,24.59,24.6,185900,4575653.0
2025-09-09 14:30:00,24.6,24.61,24.57,24.57,337400,8295032.0
2025-09-09 14:35:00,24.6,24.63,24.57,24.58,268800,6610649.0
2025-09-09 14:40:00,24.58,24.67,24.58,24.66,233700,5756415.0
2025-09-09 14:45:00,24.66,24.69,24.63,24.64,386100,9521745.0
2025-09-09 14:50:00,24.63,24.64,24.61,24.62,315800,7775787.0
2025-09-09 14:55:00,24.63,24.66,24.63,24.65,349200,8606132.0
2025-09-09 15:00:00,24.65,24.66,24.62,24.66,431100,10626213.0
2025-09-10 09:35:00,24.56,24.69,24.48,24.52,767700,18840541.0
2025-09-10 09:40:00,24.52,24.54,24.46,24.47,700300,17151012.0
2025-09-10 09:45:00,24.45,24.5,24.45,24.47,496900,12158768.0
2025-09-10 09:50:00,24.48,24.57,24.47,24.55,431400,10572056.0
2025-09-10 09:55:00,24.56,24.56,24.47,24.51,659400,16158182.0
2025-09-10 10:00:00,24.5,24.51,24.42,24.43,662900,16210054.0
2025-09-10 10:05:00,24.43,24.44,24.37,24.38,622800,15199868.0
2025-09-10 10:10:00,24.37,24.39,24.36,24.36,405900,9893968.0
2025-09-10 10:15:00,24.37,24.38,24.33,24.37,366400,8923858.0
2025-09-10 10:20:00,24.37,24.37,24.29,24.31,709400,17250853.0
2025-09-10 10:25:00,24.31,24.31,24.21,24.21,705000,17093085.0
2025-09-10 10:30:00,24.23,24.23,24.16,24.17,923100,22336058.0
2025-09-10 10:35:00,24.18,24.22,24.16,24.22,304500,7366473.0
2025-09-10 10:40:00,24.22,24.22,24.19,24.2,221200,5354434.0
2025-09-10 10:45:00,24.21,24.22,24.11,24.14,657000,15880030.0
2025-09-10 10:50:00,24.13,24.22,24.13,24.2,288800,6983652.0
2025-09-10 10:55:00,24.2,24.23,24.19,24.21,258500,6258627.0
2025-09-10 11:00:00,24.21,24.26,24.2,24.21,197900,4794914.0
2025-09-10 11:05:00,24.21,24.23,24.15,24.22,330200,7990900.0
2025-09-10 11:10:00,24.23,24.28,24.22,24.27,224700,5449293.0
2025-09-10 11:15:00,24.27,24.28,24.25,24.25,147600,3581367.0
2025-09-10 11:20:00,24.25,24.28,24.25,24.28,216200,5247321.0
2025-09-10 11:25:00,24.28,24.3,24.27,24.3,179900,4369507.0
2025-09-10 11:30:00,24.3,24.31,24.25,24.28,236100,5733334.0
2025-09-10 13:05:00,24.28,24.3,24.25,24.27,278800,6767962.0
2025-09-10 13:10:00,24.27,24.3,24.24,24.28,209500,5083648.0
2025-09-10 13:15:00,24.28,24.3,24.26,24.26,185700,4510165.0
2025-09-10 13:20:00,24.27,24.28,24.24,24.25,173800,4215130.0
2025-09-10 13:25:00,24.25,24.31,24.23,24.28,174900,4243777.0
2025-09-10 13:30:00,24.28,24.3,24.26,24.29,151700,3684815.0
2025-09-10 13:35:00,24.29,24.32,24.28,24.28,188300,4575893.0
2025-09-10 13:40:00,24.28,24.29,24.25,24.29,183400,4451794.0
2025-09-10 13:45:00,24.28,24.29,24.26,24.28,145100,3522635.0
2025-09-10 13:50:00,24.29,24.29,24.25,24.26,155300,3769024.0
2025-09-10 13:55:00,24.26,24.28,24.24,24.24,177600,4307035.0
2025-09-10 14:00:00,24.24,24.28,24.24,24.26,169000,4098901.0
2025-09-10 14:05:00,24.27,24.28,24.26,24.28,99400,2412619.0
